<?xml version="1.0" encoding="utf-8"?>
<window>
	<defaultcontrol always="true">5</defaultcontrol>
	<include>OpenClose_FadeSlide_Right</include>
	<controls>
		<control type="group">
			<bottom>0</bottom>
			<height>550</height>
			<animation effect="slide" end="0,-140" time="0" condition="Skin.HasSetting(ScopeMode) + String.IsEqual(Skin.String(scope_mode),$LOCALIZE[31476])">Conditional</animation>
			<animation effect="slide" end="0,-135" time="0" condition="Skin.HasSetting(ScopeMode) + String.IsEqual(Skin.String(scope_mode),$LOCALIZE[31479])">Conditional</animation>
			<animation effect="slide" end="0,-131.5" time="0" condition="Skin.HasSetting(ScopeMode) + String.IsEqual(Skin.String(scope_mode),$LOCALIZE[31475])">Conditional</animation>
			<animation effect="slide" end="0,-21" time="0" condition="Skin.HasSetting(ScopeMode) + String.IsEqual(Skin.String(scope_mode),$LOCALIZE[31478])">Conditional</animation>
			<control type="textbox">
				<include content="ItemLeft" condition="![Skin.HasSetting(SmallOSDVideo) + Window.IsVisible(fullscreenvideo) + !Window.IsActive(fullscreeninfo)]">
					<param name="left" value="460"/>
				</include>
				<include content="ItemLeft" condition="[Skin.HasSetting(SmallOSDVideo) + Window.IsVisible(fullscreenvideo) + !Window.IsActive(fullscreeninfo)]">
					<param name="left" value="30"/>
				</include>
				<right>30</right>
				<top>81</top>
				<height>350</height>
				<align>center</align>
				<aligny>center</aligny>
				<font>font45_title</font>
				<label>$LOCALIZE[31155]</label>
				<visible>Integer.IsEqual(Container(11).NumItems,0)</visible>
			</control>
			<control type="button" id="800">
				<left>-10000</left>
				<width>10</width>
				<height>1</height>
				<onfocus>Action(Close)</onfocus>
				<onfocus>ActivateWindow(videoosd)</onfocus>
				<onfocus>SetFocus(700)</onfocus>
			</control>
			<control type="grouplist" id="9001">
				<orientation>horizontal</orientation>
				<left>440</left>
				<bottom>480</bottom>
				<width>1000</width>
				<height>100</height>
				<align>left</align>
				<orientation>horizontal</orientation>
				<itemgap>-20</itemgap>
				<onup>11</onup>
				<ondown>11</ondown>
				<usecontrolcoords>true</usecontrolcoords>
				<animation effect="slide" end="-430,0" time="0" condition="[Skin.HasSetting(SmallOSDVideo) + Window.IsVisible(fullscreenvideo) + !Window.IsActive(fullscreeninfo)]">Conditional</animation>
				<control type="button" id="5">
					<width>auto</width>
					<height>100</height>
					<textoffsetx>30</textoffsetx>
					<label>$LOCALIZE[15067]</label>
					<font>font25_title</font>
					<onclick>SetFocus(800)</onclick>
					<texturefocus border="40" colordiffuse="$VAR[SkinColorVar]">buttons/dialogbutton-fo.png</texturefocus>
					<texturenofocus border="40">buttons/dialogbutton-nofo.png</texturenofocus>
				</control>
				<control type="button" id="2">
					<width>auto</width>
					<height>100</height>
					<textoffsetx>30</textoffsetx>
					<label>$LOCALIZE[294]</label>
					<font>font25_title</font>
					<onclick>SetFocus(800)</onclick>
					<texturefocus border="40" colordiffuse="$VAR[SkinColorVar]">buttons/dialogbutton-fo.png</texturefocus>
					<texturenofocus border="40">buttons/dialogbutton-nofo.png</texturenofocus>
				</control>
				<control type="button" id="3">
					<width>auto</width>
					<height>100</height>
					<textoffsetx>30</textoffsetx>
					<label>$LOCALIZE[296]</label>
					<font>font25_title</font>
					<onclick>SetFocus(800)</onclick>
					<texturefocus border="40" colordiffuse="$VAR[SkinColorVar]">buttons/dialogbutton-fo.png</texturefocus>
					<texturenofocus border="40">buttons/dialogbutton-nofo.png</texturenofocus>
				</control>
				<control type="button" id="4">
					<width>auto</width>
					<height>100</height>
					<textoffsetx>30</textoffsetx>
					<label>$LOCALIZE[20406]</label>
					<font>font25_title</font>
					<onclick>SetFocus(800)</onclick>
					<texturefocus border="40" colordiffuse="$VAR[SkinColorVar]">buttons/dialogbutton-fo.png</texturefocus>
					<texturenofocus border="40">buttons/dialogbutton-nofo.png</texturenofocus>
					<visible>Control.IsEnabled(4)</visible>
				</control>
			</control>
			<control type="panel" id="11">
				<include content="ItemLeft" condition="![Skin.HasSetting(SmallOSDVideo) + Window.IsVisible(fullscreenvideo) + !Window.IsActive(fullscreeninfo)]">
					<param name="left" value="430"/>
				</include>
				<include content="ItemLeft" condition="[Skin.HasSetting(SmallOSDVideo) + Window.IsVisible(fullscreenvideo) + !Window.IsActive(fullscreeninfo)]">
					<param name="left" value="0"/>
				</include>
				<top>81</top>
				<right>0</right>
				<height>350</height>
				<onup>9001</onup>
				<ondown>SetFocus(800)</ondown>
				<preloaditems>2</preloaditems>
				<scrolltime easing="inout" tween="sine">300</scrolltime>
				<orientation>horizontal</orientation>
				<itemlayout width="360" height="340">
					<control type="group">
						<include content="ItemLeft" condition="![Skin.HasSetting(SmallOSDVideo) + Window.IsVisible(fullscreenvideo) + !Window.IsActive(fullscreeninfo)]">
							<param name="left" value="30"/>
						</include>
						<include content="ItemLeft" condition="[Skin.HasSetting(SmallOSDVideo) + Window.IsVisible(fullscreenvideo) + !Window.IsActive(fullscreeninfo)]">
							<param name="left" value="75"/>
						</include>
						<control type="image">
							<left>0</left>
							<top>5</top>
							<width>330</width>
							<height>250</height>
							<aspectratio>scale</aspectratio>
							<texture border="4" fallback="DefaultVideo.png">$INFO[ListItem.Art(thumb)]</texture>
							<bordertexture colordiffuse="border_alpha">colors/black.png</bordertexture>
							<bordersize>4</bordersize>
						</control>
						<control type="label">
							<left>20</left>
							<top>255</top>
							<width>290</width>
							<height>40</height>
							<label>[B]$INFO[ListItem.Label][/B][CR]$INFO[ListItem.Label2]</label>
							<font>font12</font>
							<shadowcolor>$VAR[ShadowColorVar]</shadowcolor>
							<align>center</align>
						</control>
					</control>
				</itemlayout>
				<focusedlayout width="360" height="340">
					<control type="group">
						<include content="ItemLeft" condition="![Skin.HasSetting(SmallOSDVideo) + Window.IsVisible(fullscreenvideo) + !Window.IsActive(fullscreeninfo)]">
							<param name="left" value="30"/>
						</include>
						<include content="ItemLeft" condition="[Skin.HasSetting(SmallOSDVideo) + Window.IsVisible(fullscreenvideo) + !Window.IsActive(fullscreeninfo)]">
							<param name="left" value="75"/>
						</include>
						<control type="image">
							<left>0</left>
							<top>5</top>
							<width>330</width>
							<height>250</height>
							<aspectratio>scale</aspectratio>
							<texture border="4" fallback="DefaultVideo.png">$INFO[ListItem.Art(thumb)]</texture>
							<bordertexture colordiffuse="border_alpha">colors/black.png</bordertexture>
							<bordersize>4</bordersize>
							<visible>!Control.HasFocus(11)</visible>
						</control>
						<control type="image">
							<left>-2</left>
							<top>3</top>
							<width>334</width>
							<height>254</height>
							<aspectratio>scale</aspectratio>
							<texture border="4" fallback="DefaultVideo.png">$INFO[ListItem.Art(thumb)]</texture>
							<bordertexture colordiffuse="$VAR[SkinColorVar]">colors/white.png</bordertexture>
							<bordersize>6</bordersize>
							<visible>Control.HasFocus(11)</visible>
						</control>
						<control type="label">
							<left>20</left>
							<top>255</top>
							<width>290</width>
							<height>40</height>
							<label>[B]$INFO[ListItem.Label][/B][CR][COLOR white]$INFO[ListItem.Label2][/COLOR]</label>
							<font>font12</font>
							<textcolor>$VAR[SkinColorVar]</textcolor>
							<shadowcolor>$VAR[ShadowColorVar]</shadowcolor>
							<align>center</align>
						</control>
					</control>
				</focusedlayout>
			</control>
		</control>
	</controls>
</window>