<?xml version="1.0" encoding="utf-8"?>
<window type="dialog" id="1122">
	<defaultcontrol always="true">11</defaultcontrol>
	<include>OpenClose_FadeSlide_Right</include>
	<controls>
		<control type="group">
			<bottom>0</bottom>
			<height>550</height>
			<animation effect="slide" end="0,-140" time="0" condition="Skin.HasSetting(ScopeMode) + String.IsEqual(Skin.String(scope_mode),$LOCALIZE[31476])">Conditional</animation>
			<animation effect="slide" end="0,-135" time="0" condition="Skin.HasSetting(ScopeMode) + String.IsEqual(Skin.String(scope_mode),$LOCALIZE[31479])">Conditional</animation>
			<animation effect="slide" end="0,-131.5" time="0" condition="Skin.HasSetting(ScopeMode) + String.IsEqual(Skin.String(scope_mode),$LOCALIZE[31475])">Conditional</animation>
			<animation effect="slide" end="0,-21" time="0" condition="Skin.HasSetting(ScopeMode) + String.IsEqual(Skin.String(scope_mode),$LOCALIZE[31478])">Conditional</animation>
			<control type="textbox">
				<include content="ItemLeft" condition="![Skin.HasSetting(SmallOSDVideo) + Window.IsVisible(fullscreenvideo) + !Window.IsActive(fullscreeninfo)]">
					<param name="left" value="430"/>
				</include>
				<include content="ItemLeft" condition="[Skin.HasSetting(SmallOSDVideo) + Window.IsVisible(fullscreenvideo) + !Window.IsActive(fullscreeninfo)]">
					<param name="left" value="0"/>
				</include>
				<right>30</right>
				<top>88</top>
				<height>350</height>
				<align>center</align>
				<aligny>center</aligny>
				<font>font45_title</font>
				<label>$LOCALIZE[19055]</label>
				<visible>!Container(11).IsUpdating + Integer.IsEqual(Container(11).NumItems,0)</visible>
			</control>
			<control type="group">
				<height>410</height>
				<include content="ItemLeft" condition="![Skin.HasSetting(SmallOSDVideo) + Window.IsVisible(fullscreenvideo) + !Window.IsActive(fullscreeninfo)]">
					<param name="left" value="460"/>
				</include>
				<include content="ItemLeft" condition="[Skin.HasSetting(SmallOSDVideo) + Window.IsVisible(fullscreenvideo) + !Window.IsActive(fullscreeninfo)]">
					<param name="left" value="30"/>
				</include>
				<right>30</right>
				<visible>Container(11).IsUpdating + !Integer.IsGreater(Container(11).NumItems,0)</visible>
				<control type="image">
					<top>180</top>
					<centerleft>50%</centerleft>
					<width>100</width>
					<height>100</height>
					<aspectratio aligny="center">keep</aspectratio>
					<texture colordiffuse="black">dialogs/extendedprogress/loading-back.png</texture>
				</control>
				<control type="image">
					<top>180</top>
					<centerleft>50%</centerleft>
					<width>100</width>
					<height>100</height>
					<aspectratio aligny="center">keep</aspectratio>
					<texture>dialogs/extendedprogress/loading.png</texture>
					<animation effect="rotate" center="auto" start="360" end="0" time="1500" loop="true" condition="true">Conditional</animation>
				</control>
			</control>
			<control type="button" id="800">
				<left>-10000</left>
				<width>10</width>
				<height>1</height>
				<onfocus>Action(Close)</onfocus>
				<onfocus>ActivateWindow(videoosd)</onfocus>
				<onfocus>SetFocus(70014)</onfocus>
			</control>
			<control type="grouplist" id="9001">
				<orientation>horizontal</orientation>
				<left>440</left>
				<bottom>480</bottom>
				<width>1000</width>
				<height>100</height>
				<align>left</align>
				<orientation>horizontal</orientation>
				<itemgap>-20</itemgap>
				<onup>11</onup>
				<ondown>11</ondown>
				<usecontrolcoords>true</usecontrolcoords>
				<animation effect="slide" end="-430,0" time="0" condition="[Skin.HasSetting(SmallOSDVideo) + Window.IsVisible(fullscreenvideo) + !Window.IsActive(fullscreeninfo)]">Conditional</animation>
				<control type="button" id="1">
					<width>auto</width>
					<height>100</height>
					<textoffsetx>30</textoffsetx>
					<label>$LOCALIZE[15067]</label>
					<font>font25_title</font>
					<onclick>SetFocus(800)</onclick>
					<texturefocus border="40" colordiffuse="$VAR[SkinColorVar]">buttons/dialogbutton-fo.png</texturefocus>
					<texturenofocus border="40">buttons/dialogbutton-nofo.png</texturenofocus>
				</control>
			</control>
			<control type="list" id="11">
				<include content="ItemLeft" condition="![Skin.HasSetting(SmallOSDVideo) + Window.IsVisible(fullscreenvideo) + !Window.IsActive(fullscreeninfo)]">
					<param name="left" value="430"/>
				</include>
				<include content="ItemLeft" condition="[Skin.HasSetting(SmallOSDVideo) + Window.IsVisible(fullscreenvideo) + !Window.IsActive(fullscreeninfo)]">
					<param name="left" value="0"/>
				</include>
				<top>88</top>
				<right>0</right>
				<height>350</height>
				<onfocus>SetFocus(9004)</onfocus>
				<onup>9001</onup>
				<ondown>SetFocus(800)</ondown>
				<preloaditems>2</preloaditems>
				<orientation>horizontal</orientation>
				<include content="FocusPosition" condition="![Skin.HasSetting(SmallOSDVideo) + Window.IsVisible(fullscreenvideo) + !Window.IsActive(fullscreeninfo)]">
					<param name="focusposition" value="3"/>
				</include>
				<include content="FocusPosition" condition="[Skin.HasSetting(SmallOSDVideo) + Window.IsVisible(fullscreenvideo) + !Window.IsActive(fullscreeninfo)]">
					<param name="focusposition" value="4"/>
				</include>
				<itemlayout height="300" width="210">
					<control type="group">
						<left>30</left>
						<control type="image">
							<left>0</left>
							<top>5</top>
							<width>180</width>
							<height>270</height>
							<aspectratio align="center" aligny="center">scale</aspectratio>
							<texture background="true" fallback="DefaultActorSolid.png">$INFO[ListItem.Icon]</texture>
							<bordertexture colordiffuse="border_alpha">colors/black.png</bordertexture>
							<bordersize>4</bordersize>
						</control>
					</control>
				</itemlayout>
				<focusedlayout height="300" width="210">
					<control type="group">
						<left>30</left>
						<control type="button">
							<texturefocus></texturefocus>
							<texturenofocus></texturenofocus>
							<onfocus>SetProperty(OSD_Cast_String,$INFO[ListItem.Label]$INFO[ListItem.Label2, $LOCALIZE[20347] ],home)</onfocus>
						</control>
						<control type="image">
							<left>0</left>
							<top>5</top>
							<width>180</width>
							<height>270</height>
							<aspectratio align="center" aligny="center">scale</aspectratio>
							<texture background="true" fallback="DefaultActorSolid.png">$INFO[ListItem.Icon]</texture>
							<bordertexture colordiffuse="border_alpha">colors/black.png</bordertexture>
							<bordersize>4</bordersize>
						</control>
						<control type="image">
							<left>-2</left>
							<top>3</top>
							<width>184</width>
							<height>274</height>
							<aspectratio align="center" aligny="center">scale</aspectratio>
							<texture background="true" fallback="DefaultActorSolid.png">$INFO[ListItem.Icon]</texture>
							<bordertexture colordiffuse="$VAR[SkinColorVar]">colors/white.png</bordertexture>
							<bordersize>6</bordersize>
						</control>
					</control>
				</focusedlayout>
				<content target="video">$VAR[OSDCastVar]</content>
			</control>		
			<control type="button" id="9004">
				<visible>Control.IsVisible(11)</visible>
				<visible allowhiddenfocus="true">false</visible>
				<width>1</width>
				<height>1</height>
				<texturefocus />
				<texturenofocus />
				<onup>SetFocus(9001)</onup>
				<ondown>SetFocus(800)</ondown>
				<onleft>SetFocus(11)</onleft>
				<onleft>Left</onleft>
				<onleft>SetFocus(9004)</onleft>
				<onright>SetFocus(11)</onright>
				<onright>Right</onright>
				<onright>SetFocus(9004)</onright>
				<onclick>SetFocus(9006)</onclick>
			</control>			
			<control type="group">
				<visible>ControlGroup(9005).HasFocus()</visible>
				<animation effect="fade" start="0" end="100" time="350" tween="cubic" easing="inout">Visible</animation>
				<animation effect="fade" start="0" end="100" time="350" tween="cubic" easing="inout">WindowOpen</animation>
				<animation effect="fade" end="0" start="100" time="150">Hidden</animation>
				<animation effect="fade" end="0" start="100" time="150">WindowClose</animation>
				<control type="group">
					<centerleft>50%</centerleft>
					<height>290</height>
					<centertop>0%</centertop>
					<width>650</width>
					<include content="DialogBackgroundCommons">
						<param name="width" value="650" />
						<param name="height" value="80" />
						<param name="header_label" value="$INFO[Container(11).ListItem.Label]" />
						<param name="header_id" value="1" />
					</include>
					<control type="group">
						<left>0</left>
						<top>80</top>
						<control type="grouplist" id="9005">
							<width>650</width>
							<height>210</height>
							<itemgap>0</itemgap>
							<control type="button" id="9006">
								<width>650</width>
								<textoffsetx>40</textoffsetx>
								<top>0</top>
								<height>70</height>
								<aligny>center</aligny>
								<align>center</align>
								<texturefocus colordiffuse="$VAR[SkinColorVar]">lists/focus.png</texturefocus>
								<texturenofocus colordiffuse="dialog_tint">colors/white.png</texturenofocus>
								<label>$LOCALIZE[31113]</label>
								<onleft>SetFocus(9004)</onleft>
								<onright>SetFocus(9004)</onright>
								<onback>9004</onback>
								<onclick>SetFocus(11)</onclick>
								<onclick>SetProperty(ActorLabel,$INFO[Container(11).ListItem.Label],home)</onclick>
								<onclick>ActivateWindow(1144)</onclick>
								<onclick>SetFocus(9004)</onclick>
							</control>
							<control type="button" id="9007">
								<width>650</width>
								<textoffsetx>40</textoffsetx>
								<top>0</top>
								<height>70</height>
								<aligny>center</aligny>
								<align>center</align>
								<texturefocus colordiffuse="$VAR[SkinColorVar]">lists/focus.png</texturefocus>
								<texturenofocus colordiffuse="dialog_tint">colors/white.png</texturenofocus>
								<label>$LOCALIZE[31488]</label>
								<onleft>SetFocus(9004)</onleft>
								<onright>SetFocus(9004)</onright>
								<onback>9004</onback>
								<onclick>Dialog.Close(MovieInformation)</onclick>
								<onclick condition="!System.HasAddon(script.embuary.info)">InstallAddon(script.embuary.info)</onclick>
								<onclick>RunScript(script.embuary.info,call=person,query=$INFO[Container(11).ListItem.Label])</onclick>
							</control>
							<control type="button" id="9008">
								<width>650</width>
								<textoffsetx>40</textoffsetx>
								<top>0</top>
								<height>70</height>
								<aligny>center</aligny>
								<align>center</align>
								<texturefocus colordiffuse="$VAR[SkinColorVar]">lists/focus.png</texturefocus>
								<texturenofocus colordiffuse="dialog_tint">colors/white.png</texturenofocus>
								<label>$LOCALIZE[15067]</label>
								<onleft>SetFocus(9004)</onleft>
								<onright>SetFocus(9004)</onright>
								<onback>9004</onback>
								<onclick>SetFocus(9004)</onclick>
							</control>
						</control>
					</control>
				</control>
			</control>
			<control type="label">
				<include content="ItemLeft" condition="![Skin.HasSetting(SmallOSDVideo) + Window.IsVisible(fullscreenvideo) + !Window.IsActive(fullscreeninfo)]">
					<param name="left" value="460"/>
				</include>
				<include content="ItemLeft" condition="[Skin.HasSetting(SmallOSDVideo) + Window.IsVisible(fullscreenvideo) + !Window.IsActive(fullscreeninfo)]">
					<param name="left" value="30"/>
				</include>
				<top>372</top>
				<right>30</right>
				<align>center</align>
				<height>41</height>
				<font>font20</font>
				<scroll>true</scroll>
				<label>[B]$INFO[Container(11).ListItem.Label][COLOR white]$INFO[Container(11).ListItem.Label2, $LOCALIZE[20347] ][/COLOR][/B]</label>
				<textcolor>$VAR[SkinColorVar]</textcolor>
				<shadowcolor>$VAR[ShadowColorVar]</shadowcolor>
				<visible>Integer.IsGreater(Container(11).NumItems,0)</visible>
			</control>
		</control>
	</controls>
</window>