<?xml version="1.0" encoding="UTF-8"?>
<window type="dialog" id="1144">
	<defaultcontrol always="true">6</defaultcontrol>
	<include condition="![Window.IsActive(gamestretchmode) | Window.IsActive(gamevideofilter)]">Animation_DialogPopupOpenClose</include>
	<depth>DepthOSD</depth>
	<onload>AlarmClock(mytimer,SetFocus(6),00:00:00:500,silent,false])</onload>
	<onload>Dialog.Close(movieinformation,true)</onload>
	<controls>
		<control type="group">
			<centertop>50%</centertop>
			<centerleft>50%</centerleft>
			<height>750</height>
			<width>1220</width>
			<include content="DialogBackgroundCommons">
				<param name="width" value="1220" />
				<param name="height" value="750" />
				<param name="header_label" value="$LOCALIZE[283] ($INFO[Window(home).Property(ActorLabel)])" />
				<param name="header_id" value="1" />
			</include>
			<control type="image">
				<left>0</left>
				<top>80</top>
				<width>920</width>
				<bottom>52</bottom>
				<texture border="40">buttons/dialogbutton-nofo.png</texture>
			</control>
			<control type="image">
				<left>940</left>
				<bottom>72</bottom>
				<width>260</width>
				<height>380</height>
				<aspectratio aligny="bottom">keep</aspectratio>
				<bordertexture colordiffuse="border_alpha">colors/black.png</bordertexture>
				<bordersize>4</bordersize>
				<texture border="4" background="true">$VAR[VideoVersionPosterVar]</texture>
			</control>
			<control type="group">
				<left>-30</left>
				<right>200</right>
				<bottom>0</bottom>
				<height>70</height>
				<visible>Control.HasFocus(6)</visible>
				<include content="MediaFlagsInfoDialogLeft">
					<param name="align" value="left" />
					<param name="infolabel_prefix" value="Container(6)." />
					<param name="show_ratings" value="false" />
					<param name="resolution_var" value="$INFO[Container(6).ListItem.VideoResolution,flags/videoresolution/,.png]" />
				</include>
			</control>
			<control type="list" id="6">
				<left>20</left>
				<top>100</top>
				<width>880</width>
				<bottom>80</bottom>
				<onup>6</onup>
				<ondown>6</ondown>
				<onleft>9001</onleft>
				<onright>61</onright>
				<pagecontrol>61</pagecontrol>
				<scrolltime>200</scrolltime>
				<itemlayout height="115" width="880">
					<control type="image">
						<left>7</left>
						<top>2</top>
						<width>197</width>
						<height>111</height>
						<texture fallback="DefaultAddonMore.png">$VAR[WidgetThumbViewVar]</texture>
						<aspectratio>keep</aspectratio>
					</control>
					<control type="group">
						<left>7</left>
						<top>43</top>
						<visible>ListItem.IsRecording | ListItem.HasReminder | ListItem.HasTimer | ListItem.IsCollection | ListItem. IsPlaying | ListItem.IsResumable | ListItem.HasArchive | Integer.IsGreater(ListItem.Playcount,0)</visible>
						<control type="image">
							<width>70</width>
							<height>70</height>
							<texture>overlays/overlay-bg.png</texture>
							<visible>Integer.IsEqual(ListItem.PercentPlayed,0)</visible>
						</control>
						<control type="image">
							<width>197</width>
							<height>70</height>
							<texture>overlays/overlayfade.png</texture>
							<visible>!Integer.IsEqual(ListItem.PercentPlayed,0)</visible>
						</control>
						<control type="image">
							<left>3</left>
							<top>37</top>
							<width>32</width>
							<height>32</height>
							<texture>$VAR[WallWatchedIconVar]</texture>
						</control>
						<control type="progress">
							<left>40</left>
							<top>32</top>
							<width>154</width>
							<height>1</height>
							<texturebg />
							<midtexture colordiffuse="$VAR[SkinColorVar]" border="3">progress/texturebg_alt_white.png</midtexture>
							<info>ListItem.PercentPlayed</info>
							<visible>!Integer.IsEqual(ListItem.PercentPlayed,0)</visible>
						</control>
					</control>
					<control type="label">
						<left>220</left>
						<top>40</top>
						<right>14</right>
						<height>35</height>
						<label>[UPPERCASE]($INFO[ListItem.DBTYPE]) [/UPPERCASE] $INFO[ListItem.Label] $INFO[ListItem.Year,(,)]</label>
						<font>font12_bold</font>
						<visible>String.IsEmpty(ListItem.Label2)</visible>
					</control>
					<control type="label">
						<left>220</left>
						<top>3</top>
						<right>14</right>
						<height>35</height>
						<font>font12_bold</font>
						<label>[UPPERCASE]($INFO[ListItem.DBTYPE]) [/UPPERCASE] $INFO[ListItem.Label] $INFO[ListItem.Year,(,)]</label>
						<visible>!String.IsEmpty(ListItem.Label2)</visible>
					</control>
					<control type="label">
						<left>220</left>
						<top>38</top>
						<right>14</right>
						<height>35</height>
						<font>font12</font>
						<textcolor>grey</textcolor>
						<label>$INFO[ListItem.Label2]</label>
					</control>
					<control type="label">
						<left>220</left>
						<top>73</top>
						<right>14</right>
						<height>35</height>
						<font>font12</font>
						<label>$INFO[ListItem.Duration,$LOCALIZE[2050] : ]</label>
					</control>
				</itemlayout>
				<focusedlayout height="115" width="880">
					<control type="image">
						<left>5</left>
						<top>0</top>
						<right>0</right>
						<bottom>0</bottom>
						<texture colordiffuse="$VAR[SkinColorVar]">lists/focus.png</texture>
						<visible>Control.HasFocus(6)</visible>
					</control>
					<control type="image">
						<left>7</left>
						<top>2</top>
						<width>197</width>
						<height>111</height>
						<texture fallback="DefaultAddonMore.png">$VAR[WidgetThumbViewVar]</texture>
						<aspectratio>keep</aspectratio>
					</control>
					<control type="group">
						<left>7</left>
						<top>43</top>
						<visible>ListItem.IsRecording | ListItem.HasReminder | ListItem.HasTimer | ListItem.IsCollection | ListItem. IsPlaying | ListItem.IsResumable | ListItem.HasArchive | Integer.IsGreater(ListItem.Playcount,0)</visible>
						<control type="image">
							<width>70</width>
							<height>70</height>
							<texture>overlays/overlay-bg.png</texture>
							<visible>Integer.IsEqual(ListItem.PercentPlayed,0)</visible>
						</control>
						<control type="image">
							<width>197</width>
							<height>70</height>
							<texture>overlays/overlayfade.png</texture>
							<visible>!Integer.IsEqual(ListItem.PercentPlayed,0)</visible>
						</control>
						<control type="image">
							<left>3</left>
							<top>37</top>
							<width>32</width>
							<height>32</height>
							<texture>$VAR[WallWatchedIconVar]</texture>
						</control>
						<control type="progress">
							<left>40</left>
							<top>32</top>
							<width>154</width>
							<height>1</height>
							<texturebg />
							<midtexture colordiffuse="$VAR[SkinColorVar]" border="3">progress/texturebg_alt_white.png</midtexture>
							<info>ListItem.PercentPlayed</info>
							<visible>!Integer.IsEqual(ListItem.PercentPlayed,0)</visible>
						</control>
					</control>
					<control type="label">
						<left>220</left>
						<top>40</top>
						<right>14</right>
						<height>35</height>
						<label>[UPPERCASE]($INFO[ListItem.DBTYPE]) [/UPPERCASE] $INFO[ListItem.Label] $INFO[ListItem.Year,(,)]</label>
						<shadowcolor>$VAR[ShadowColorVar]</shadowcolor>
						<font>font12_bold</font>
						<scroll>true</scroll>
						<visible>String.IsEmpty(ListItem.Label2)</visible>
					</control>
					<control type="label">
						<left>220</left>
						<top>3</top>
						<right>14</right>
						<height>35</height>
						<font>font12_bold</font>
						<label>[UPPERCASE]($INFO[ListItem.DBTYPE]) [/UPPERCASE] $INFO[ListItem.Label] $INFO[ListItem.Year,(,)]</label>
						<shadowcolor>$VAR[ShadowColorVar]</shadowcolor>
						<scroll>true</scroll>
						<visible>!String.IsEmpty(ListItem.Label2)</visible>
					</control>
					<control type="label">
						<left>220</left>
						<top>38</top>
						<right>14</right>
						<height>35</height>
						<font>font12</font>
						<scroll>true</scroll>
						<label>$INFO[ListItem.Label2]</label>
					</control>
					<control type="label">
						<left>220</left>
						<top>73</top>
						<right>14</right>
						<height>35</height>
						<font>font12</font>
						<label>$INFO[ListItem.Duration,$LOCALIZE[2050] : ]</label>
						<shadowcolor>$VAR[ShadowColorVar]</shadowcolor>
					</control>
				</focusedlayout>
				<content sortby="year" sortorder="ascending">plugin://script.embuary.helper/?info=getitemsbyactor&label='"$INFO[Window(home).Property(ActorLabel)]"'</content>
			</control>
			<control type="scrollbar" id="61">
				<left>910</left>
				<top>100</top>
				<width>12</width>
				<bottom>70</bottom>
				<onleft>6</onleft>
				<onright>9001</onright>
				<orientation>vertical</orientation>
			</control>
			<control type="label">
				<left>925</left>
				<bottom>10</bottom>
				<width>275</width>
				<height>30</height>
				<font>font12</font>
				<align>right</align>
				<textcolor>grey</textcolor>
				<label>$INFO[Container(6).NumItems] $LOCALIZE[31036] - $INFO[Container(6).CurrentPage]/$INFO[Container(6).NumPages]</label>
			</control>
			<control type="grouplist" id="9001">
				<left>920</left>
				<top>80</top>
				<onleft condition="Control.IsVisible(61)">61</onleft>
				<onleft condition="!Control.IsVisible(61)">6</onleft>
				<itemgap>dialogbuttons_itemgap</itemgap>
				<onright>6</onright>
				<include content="DefaultDialogButton">
					<param name="id" value="7" />
					<param name="label" value="$LOCALIZE[222]" />
					<param name="onclick" value="Dialog.Close(1144)" />
				</include>
			</control>
		</control>
	</controls>
</window>
