<?xml version="1.0" encoding="utf-8"?>
<window type="dialog" id="1108">
	<defaultcontrol always="true">11</defaultcontrol>
	<include>Animation_DialogPopupOpenClose</include>
	<depth>DepthOSD</depth>
	<controls>
		<control type="group">
			<top>20</top>
			<centerleft>50%</centerleft>
			<width>700</width>
			<control type="image">
				<left>-20</left>
				<top>-10</top>
				<width>700</width>
				<height>70</height>
				<texture colordiffuse="$VAR[SkinColorVar]">dialogs/dialog-bg-nobo.png</texture>
				<bordertexture colordiffuse="$VAR[SkinColorVar]" infill="false" border="5">dialogs/osdepgguide.png</bordertexture>
				<bordersize>5</bordersize>
			</control>
			<control type="label">
				<description>Dialog header</description>
				<left>15</left>
				<top>15</top>
				<width>500</width>
				<height>20</height>
				<aligny>center</aligny>
				<font>font14</font>
				<label>$LOCALIZE[31142]$INFO[Player.PlaySpeed, : ]</label>
			</control>
			<control type="radiobutton" id="11">
				<left>540</left>
				<top>-3</top>
				<include content="OSDButton">
					<param name="texture" value="osd/fullscreen/buttons/play.png"/>
				</include>
				<onleft>12</onleft>
				<onright>12</onright>
				<onclick>PlayerControl(TempoDown)</onclick>
				<animation effect="rotate" start="0" end="-90" center="auto" condition="true">Conditional</animation>
			</control>
			<control type="radiobutton" id="12">
				<left>600</left>
				<top>-3</top>
				<include content="OSDButton">
					<param name="texture" value="osd/fullscreen/buttons/play.png"/>
				</include>
				<onleft>11</onleft>
				<onright>11</onright>
				<onclick>PlayerControl(TempoUp)</onclick>
				<animation effect="rotate" start="0" end="90" center="auto" condition="true">Conditional</animation>
			</control>
		</control>
	</controls>
</window>
