﻿<?xml version="1.0" encoding="UTF-8"?>
<window>
	<defaultcontrol>100</defaultcontrol>
	<onload>SetProperty(onnext,SetFocus(100))</onload>
	<onload>SetProperty(onback_10052,SetFocus(100))</onload>
	<onload>SetProperty(onback_10053,SetFocus(100))</onload>
	<onload>SetProperty(onback_10054,SetFocus(100))</onload>
	<onload>SetProperty(onback_10055,SetFocus(100))</onload>
	<onload>SetProperty(onback_10056,SetFocus(100))</onload>
	<onload>SetProperty(onback_10057,SetFocus(100))</onload>
	<onload>SetProperty(onback_10058,SetFocus(100))</onload>
	<onload>SetProperty(onback_10059,SetFocus(100))</onload>
	<onload condition="!Skin.HasSetting(disable_PauseOnExtraInfos)">PlayerControl(Play)</onload>
	<onunload condition="!Skin.HasSetting(disable_PauseOnExtraInfos)">PlayerControl(Play)</onunload>
	<controls>
		<!-- Storage container for the item details -->
		<control type="list" id="10051">
			<top>-3000</top>
			<left>-3000</left>
			<width>1</width>
			<height>1</height>
			<itemlayout/>
			<focusedlayout/>
		</control>
		<!-- infos -->
		<control type="grouplist" id="50">
			<animation type="WindowOpen">
				<effect type="fade" start="0" end="100" time="300" tween="sine" easing="out" />
				<effect type="slide" start="320" end="0" time="400" tween="cubic" easing="out" />
			</animation>
			<animation type="WindowCLose" condition="String.IsEmpty(Window(home).Property(script.embuary.info-nextcall))">
				<effect type="fade" start="100" end="0" time="300" tween="sine" easing="out" />
				<effect type="slide" start="0" end="320" time="300" tween="cubic" easing="out" />
			</animation>
			<animation type="WindowCLose" condition="!String.IsEmpty(Window(home).Property(script.embuary.info-nextcall))">
				<effect type="fade" start="100" end="0" time="0" tween="sine" easing="out" />
			</animation>
			<width>1920</width>
			<top>145</top>
			<bottom>0</bottom>
			<orientation>vertical</orientation>
			<scrolltime tween="cubic" easing="out">500</scrolltime>
			<usecontrolcoords>true</usecontrolcoords>
			<!-- Meta -->
			<control type="group">
				<height>700</height>
				<control type="group">
					<description>poster</description>
					<left>80</left>
					<width>480</width>
					<height>720</height>
					<control type="image">
						<left>-20</left>
						<top>-20</top>
						<width>520</width>
						<height>760</height>
						<texture>dialogs/dialog-bg-nobo.png</texture>
						<bordertexture border="21">overlays/shadow.png</bordertexture>
						<bordersize>20</bordersize>
					</control>
					<control type="image">
						<width>480</width>
						<height>720</height>
						<texture fallback="DefaultVideo.png" background="true">$INFO[Container(10051).ListItem.Art(thumb)]</texture>
						<aspectratio>scale</aspectratio>
					</control>
				</control>
				<!-- meta -->
				<control type="group">
					<include>OpenClose_Right</include>
					<left>570</left>
					<top>-30</top>
					<control type="group" id="140">
						<top>10</top>
						<control type="image">
							<height>630</height>
							<width>690</width>
							<texture border="21">dialogs/dialog-bg.png</texture>
						</control>
						<control type="textbox">
							<left>35</left>
							<top>23</top>
							<width>625</width>
							<height>582</height>
							<align>justify</align>
							<font>fontplot</font>
							<label fallback="19055">$INFO[Container(10051).ListItem.Property(biography)]</label>
							<autoscroll delay="12000" time="4000" repeat="10000">Skin.HasSetting(AutoScroll)</autoscroll>
							<visible>!String.IsEqual(Container(10051).ListItem.DBType,season)</visible>
						</control>
					</control>
					<control type="group">
						<left>680</left>
						<width>631</width>
						<height>640</height>
						<control type="image">
							<aligny>bottom</aligny>
							<texture border="21">dialogs/dialog-bg.png</texture>
						</control>
						<control type="grouplist" id="150">
							<orientation>vertical</orientation>
							<left>25</left>
							<top>30</top>
							<height>560</height>
							<width>605</width>
							<itemgap>5</itemgap>
							<usecontrolcoords>true</usecontrolcoords>
							<ondown>5000</ondown>
							<onup>501</onup>
							<onright>60</onright>
							<onleft>60</onleft>
							<pagecontrol>60</pagecontrol>
							<include content="InfoDialogPvrMetadata">
								<param name="control_id" value="151" />
								<param name="label" value="$LOCALIZE[39025]: " />
								<param name="content" value="$INFO[Container(10051).ListItem.Property(Gender)]" />
								<param name="visible" value="!String.IsEmpty(Container(10051).ListItem.Property(Gender))" />
							</include>
							<include content="InfoDialogPvrMetadata">
								<param name="control_id" value="152" />
								<param name="label" value="$ADDON[script.embuary.info 32017]: " />
								<param name="content" value="$INFO[Container(10051).ListItem.Property(Known_For_Department)]" />
								<param name="visible" value="!String.IsEmpty(Container(10051).ListItem.Property(Known_For_Department))" />
							</include>
							<include content="InfoDialogPvrMetadata">
								<param name="control_id" value="153" />
								<param name="label" value="$ADDON[script.embuary.info 32006]: " />
								<param name="content" value="$INFO[Container(10051).ListItem.Property(age)]" />
								<param name="visible" value="!String.IsEmpty(Container(10051).ListItem.Property(age))" />
							</include>
							<include content="InfoDialogPvrMetadata">
								<param name="control_id" value="154" />
								<param name="label" value="$LOCALIZE[21893]: " />
								<param name="content" value="$INFO[Container(10051).ListItem.Property(birthday)]" />
								<param name="visible" value="!String.IsEmpty(Container(10051).ListItem.Property(birthday))" />
							</include>
							<include content="InfoDialogPvrMetadata">
								<param name="control_id" value="155" />
								<param name="label" value="$LOCALIZE[21897]: " />
								<param name="content" value="$INFO[Container(10051).ListItem.Property(deathday)]" />
								<param name="visible" value="!String.IsEmpty(Container(10051).ListItem.Property(deathday))" />
							</include>
							<include content="InfoDialogPvrMetadata">
								<param name="control_id" value="156" />
								<param name="label" value="$ADDON[script.embuary.info 32007]: " />
								<param name="content" value="$INFO[Container(10051).ListItem.Property(Place_Of_Birth)]" />
								<param name="visible" value="!String.IsEmpty(Container(10051).ListItem.Property(Place_Of_Birth))" />
							</include>
						</control>
						<control type="scrollbar" id="60">
							<right>21</right>
							<top>21</top>
							<width>12</width>
							<height>578</height>
							<onleft>100</onleft>
							<onright>100</onright>
							<orientation>vertical</orientation>
						</control>
					</control>

					<!-- buttons -->
					<control type="grouplist" id="100">
						<top>627</top>
						<height>130</height>
						<width>100%</width>
						<orientation>horizontal</orientation>
						<defaultcontrol always="true">0</defaultcontrol>
						<onright>noop</onright>
						<onleft>noop</onleft>
						<ondown>10052</ondown>
						<onup>60</onup>
						<include content="InfoDialogButton">
							<param name="id" value="10001"/>
							<param name="icon" value="icons/infodialogs/disable.png"/>
							<param name="label" value="$LOCALIZE[15067]"/>
							<param name="onclick_1" value="Dialog.Close(all)"/>
						</include>
						<include content="InfoDialogButton">
							<param name="visible" value="!String.IsEmpty(Container(10051).ListItem.Property(biography))"/>
							<param name="id" value="10002"/>
							<param name="icon" value="icons/infodialogs/plot.png"/>
							<param name="label" value="$LOCALIZE[21887]"/>
							<param name="onclick_1" value="RunScript(script.embuary.info,call=textviewer,header='$ESCINFO[Container(10051).ListItem.Label]',message='$ESCINFO[Container(10051).ListItem.Property(biography)]')"/>
						</include>
					</control>
				</control>
			</control>


			<!-- movies -->
			<control type="group">
				<visible>Integer.IsGreater(Container(10052).NumItems,0) | Container(10052).IsUpdating</visible>
				<height>510</height>
				<control type="group">
					<include content="CategoryLabel">
						<param name="list_id" value="10052"/>
						<param name="label" value="$LOCALIZE[342]"/>
						<param name="label_focus" value="$INFO[Container($PARAM[list_id]).ListItem.Label, | ]$INFO[Container($PARAM[list_id]).ListItem.Year, (,)]"/>
					</include>
					<control type="group">
						<top>120</top>
						<include content="ExtendedInfoPosterList">
							<param name="list_id" value="10052"/>
							<param name="ondown" value="10053"/>
							<param name="onup" value="100"/>
						</include>
					</control>
				</control>
			</control>

			<!-- tv shows -->
			<control type="group">
				<visible>true</visible>
				<visible>Integer.IsGreater(Container(10053).NumItems,0) | Container(10053).IsUpdating</visible>
				<height>510</height>
				<control type="group">
					<include content="CategoryLabel">
						<param name="list_id" value="10053"/>
						<param name="label" value="$LOCALIZE[20343]"/>
						<param name="label_focus" value="$INFO[Container($PARAM[list_id]).ListItem.Label, | ]$INFO[Container($PARAM[list_id]).ListItem.Year, (,)]"/>
					</include>
					<control type="group">
						<top>120</top>
						<include content="ExtendedInfoPosterList">
							<param name="list_id" value="10053"/>
							<param name="ondown" value="10054"/>
							<param name="onup" value="10052"/>
						</include>
					</control>
				</control>
			</control>

			<!-- images -->
			<control type="group">
				<visible>true</visible>
				<visible>Integer.IsGreater(Container(10054).NumItems,0) | Container(10054).IsUpdating</visible>
				<height>510</height>
				<control type="group">
					<include content="CategoryLabel">
						<param name="list_id" value="10054"/>
						<param name="label" value="$ADDON[script.embuary.info 32010]"/>
						<param name="extend_label" value="true"/>
						<param name="label_focus" value="$INFO[Container($PARAM[list_id]).ListItem.Label, | ]"/>
					</include>
					<control type="group">
						<top>120</top>
						<include content="ExtendedInfoPosterList">
							<param name="list_id" value="10054"/>
							<param name="ondown" value="100"/>
							<param name="onup" value="10053"/>
						</include>
					</control>
				</control>
			</control>
		</control>

		<control type="image">
			<left>0</left>
			<top>0</top>
			<width>110%</width>
			<height>180</height>
			<texture colordiffuse="$VAR[Bars_Opacity]">frame/osdfade.png</texture>
		</control>

		<!-- title -->
		<control type="group">
			<control type="group">
				<left>50</left>
				<right>35</right>
				<top>20</top>
				<height>80</height>
				<animation effect="fade" start="0" end="100" time="300">WindowOpen</animation>
				<animation effect="fade" start="100" end="0" time="200" condition="String.IsEmpty(Window(home).Property(script.embuary.info-nextcall))">WindowClose</animation>
				<animation effect="fade" start="100" end="0" time="0" condition="!String.IsEmpty(Window(home).Property(script.embuary.info-nextcall))">WindowClose</animation>
				<control type="label">
					<left>20</left>
					<right>200</right>
					<label>$INFO[Container(10051).ListItem.Label]</label>
					<font>font52_title</font>
					<shadowcolor>$VAR[ShadowColorVar]</shadowcolor>
					<height>60</height>
					<align>left</align>
					<scroll>true</scroll>
				</control>
				<control type="image">
					<top>20</top>
					<right>0</right>
					<texture>icons/extendedinfo/moviedb2.png</texture>
					<height>80</height>
					<width>204</width>
					<aspectratio align="right">keep</aspectratio>
				</control>
			</control>
		</control>
	</controls>
</window>
