<?xml version="1.0" encoding="utf-8"?>
<window type="dialog" id="1139">
	<defaultcontrol always="true">1</defaultcontrol>
	<include>OpenClose_FadeSlide_Right</include>
	<controls>
		<control type="group">
			<bottom>0</bottom>
			<height>550</height>
			<animation effect="slide" end="0,-140" time="0" condition="Skin.HasSetting(ScopeMode) + String.IsEqual(Skin.String(scope_mode),$LOCALIZE[31476])">Conditional</animation>
			<animation effect="slide" end="0,-135" time="0" condition="Skin.HasSetting(ScopeMode) + String.IsEqual(Skin.String(scope_mode),$LOCALIZE[31479])">Conditional</animation>
			<animation effect="slide" end="0,-131.5" time="0" condition="Skin.HasSetting(ScopeMode) + String.IsEqual(Skin.String(scope_mode),$LOCALIZE[31475])">Conditional</animation>
			<animation effect="slide" end="0,-21" time="0" condition="Skin.HasSetting(ScopeMode) + String.IsEqual(Skin.String(scope_mode),$LOCALIZE[31478])">Conditional</animation>
			<control type="textbox">
				<include content="ItemLeft" condition="![Skin.HasSetting(SmallOSDVideo) + Window.IsVisible(fullscreenvideo) + !Window.IsActive(fullscreeninfo)]">
					<param name="left" value="460"/>
				</include>
				<include content="ItemLeft" condition="[Skin.HasSetting(SmallOSDVideo) + Window.IsVisible(fullscreenvideo) + !Window.IsActive(fullscreeninfo)]">
					<param name="left" value="30"/>
				</include>
				<top>81</top>
				<right>30</right>
				<height>350</height>
				<align>center</align>
				<aligny>center</aligny>
				<font>font45_title</font>
				<label>$LOCALIZE[19055]</label>
				<visible>!Container(11).IsUpdating + Integer.IsEqual(Container(11).NumItems,0)</visible>
			</control>
			<control type="group">
				<height>410</height>
				<include content="ItemLeft" condition="![Skin.HasSetting(SmallOSDVideo) + Window.IsVisible(fullscreenvideo) + !Window.IsActive(fullscreeninfo)]">
					<param name="left" value="460"/>
				</include>
				<include content="ItemLeft" condition="[Skin.HasSetting(SmallOSDVideo) + Window.IsVisible(fullscreenvideo) + !Window.IsActive(fullscreeninfo)]">
					<param name="left" value="30"/>
				</include>
				<right>30</right>
				<visible>Container(11).IsUpdating + !Integer.IsGreater(Container(11).NumItems,0)</visible>
				<control type="image">
					<top>180</top>
					<centerleft>50%</centerleft>
					<width>100</width>
					<height>100</height>
					<aspectratio aligny="center">keep</aspectratio>
					<texture colordiffuse="black">dialogs/extendedprogress/loading-back.png</texture>
				</control>
				<control type="image">
					<top>180</top>
					<centerleft>50%</centerleft>
					<width>100</width>
					<height>100</height>
					<aspectratio aligny="center">keep</aspectratio>
					<texture>dialogs/extendedprogress/loading.png</texture>
					<animation effect="rotate" center="auto" start="360" end="0" time="1500" loop="true" condition="true">Conditional</animation>
				</control>
			</control>
			<control type="button" id="800">
				<left>-10000</left>
				<width>10</width>
				<height>1</height>
				<onfocus>Action(Close)</onfocus>
				<onfocus>ActivateWindow(videoosd)</onfocus>
				<onfocus>SetFocus(70015)</onfocus>
			</control>
			<control type="grouplist" id="9001">
				<orientation>horizontal</orientation>
				<left>440</left>
				<bottom>480</bottom>
				<width>1000</width>
				<align>left</align>
				<height>100</height>
				<onup>11</onup>
				<ondown>11</ondown>
				<itemgap>-20</itemgap>
				<usecontrolcoords>true</usecontrolcoords>
				<animation effect="slide" end="-430,0" time="0" condition="[Skin.HasSetting(SmallOSDVideo) + Window.IsVisible(fullscreenvideo) + !Window.IsActive(fullscreeninfo)]">Conditional</animation>
				<control type="button" id="1">
					<width>auto</width>
					<height>100</height>
					<textoffsetx>30</textoffsetx>
					<label>$LOCALIZE[15067]</label>
					<font>font25_title</font>
					<onclick>SetFocus(800)</onclick>
					<texturefocus border="40" colordiffuse="$VAR[SkinColorVar]">buttons/dialogbutton-fo.png</texturefocus>
					<texturenofocus border="40">buttons/dialogbutton-nofo.png</texturenofocus>
				</control>
			</control>
			<control type="wraplist" id="11">
				<include content="ItemLeft" condition="![Skin.HasSetting(SmallOSDVideo) + Window.IsVisible(fullscreenvideo) + !Window.IsActive(fullscreeninfo)]">
					<param name="left" value="430"/>
				</include>
				<include content="ItemLeft" condition="[Skin.HasSetting(SmallOSDVideo) + Window.IsVisible(fullscreenvideo) + !Window.IsActive(fullscreeninfo)]">
					<param name="left" value="0"/>
				</include>
				<top>81</top>
				<right>0</right>
				<height>350</height>
				<onup>9001</onup>
				<ondown>SetFocus(800)</ondown>
				<preloaditems>2</preloaditems>
				<orientation>horizontal</orientation>
				<focusposition>0</focusposition>
				<autoscroll time="3000">!Control.HasFocus(11)</autoscroll>
				<scrolltime easing="inout" tween="sine">300</scrolltime>
				<itemlayout width="360" height="340">
					<control type="group">
						<include content="ItemLeft" condition="![Skin.HasSetting(SmallOSDVideo) + Window.IsVisible(fullscreenvideo) + !Window.IsActive(fullscreeninfo)]">
							<param name="left" value="30"/>
						</include>
						<include content="ItemLeft" condition="[Skin.HasSetting(SmallOSDVideo) + Window.IsVisible(fullscreenvideo) + !Window.IsActive(fullscreeninfo)]">
							<param name="left" value="75"/>
						</include>
						<control type="image">
							<left>0</left>
							<top>5</top>
							<width>330</width>
							<height>250</height>
							<aspectratio>scale</aspectratio>
							<texture background="true" border="4" fallback="DefaultVideo.png">$INFO[ListItem.Icon]</texture>
							<bordertexture colordiffuse="border_alpha">colors/black.png</bordertexture>
							<bordersize>4</bordersize>
						</control>
						<control type="label">
							<left>10</left>
							<top>260</top>
							<width>310</width>
							<height>20</height>
							<label>[B]$INFO[ListItem.Label][/B]</label>
							<font>font12</font>
							<shadowcolor>$VAR[ShadowColorVar]</shadowcolor>
							<align>center</align>
						</control>
						<control type="label">
							<left>10</left>
							<top>290</top>
							<width>310</width>
							<height>20</height>
							<label>$INFO[ListItem.Premiered]</label>
							<font>font12</font>
							<shadowcolor>$VAR[ShadowColorVar]</shadowcolor>
							<align>center</align>
						</control>
					</control>
				</itemlayout>
				<focusedlayout width="360" height="340">
					<control type="group">
						<include content="ItemLeft" condition="![Skin.HasSetting(SmallOSDVideo) + Window.IsVisible(fullscreenvideo) + !Window.IsActive(fullscreeninfo)]">
							<param name="left" value="30"/>
						</include>
						<include content="ItemLeft" condition="[Skin.HasSetting(SmallOSDVideo) + Window.IsVisible(fullscreenvideo) + !Window.IsActive(fullscreeninfo)]">
							<param name="left" value="75"/>
						</include>
						<control type="image">
							<left>0</left>
							<top>5</top>
							<width>330</width>
							<height>250</height>
							<aspectratio>scale</aspectratio>
							<texture background="true" border="4" fallback="DefaultVideo.png">$INFO[ListItem.Icon]</texture>
							<bordertexture colordiffuse="border_alpha">colors/black.png</bordertexture>
							<bordersize>4</bordersize>
							<visible>!Control.HasFocus(11)</visible>
						</control>
						<control type="image">
							<left>-2</left>
							<top>3</top>
							<width>334</width>
							<height>254</height>
							<aspectratio>scale</aspectratio>
							<texture background="true" border="4" fallback="DefaultVideo.png">$INFO[ListItem.Icon]</texture>
							<bordertexture colordiffuse="$VAR[SkinColorVar]">colors/white.png</bordertexture>
							<bordersize>6</bordersize>
							<visible>Control.HasFocus(11)</visible>
						</control>
						<control type="label">
							<left>10</left>
							<top>260</top>
							<width>310</width>
							<height>20</height>
							<label>[B]$INFO[ListItem.Label][/B]</label>
							<font>font12</font>
							<shadowcolor>$VAR[ShadowColorVar]</shadowcolor>
							<align>center</align>
							<visible>!Control.HasFocus(11)</visible>
						</control>
						<control type="label">
							<left>10</left>
							<top>260</top>
							<width>310</width>
							<height>20</height>
							<label>[B]$INFO[ListItem.Label][/B]</label>
							<font>font12</font>
							<textcolor>$VAR[SkinColorVar]</textcolor>
							<shadowcolor>$VAR[ShadowColorVar]</shadowcolor>
							<align>center</align>
							<visible>Control.HasFocus(11)</visible>
						</control>
						<control type="label">
							<left>10</left>
							<top>290</top>
							<width>310</width>
							<height>20</height>
							<label>$INFO[ListItem.Premiered]</label>
							<font>font12</font>
							<shadowcolor>$VAR[ShadowColorVar]</shadowcolor>
							<align>center</align>
						</control>
					</control>
				</focusedlayout>
				<content>plugin://plugin.video.youtube/special/related_videos/?video_id=$INFO[Window(Home).Property(ThumbSplit2)]</content>
			</control>
		</control>
	</controls>
</window>