<?xml version="1.0" encoding="UTF-8" standalone="yes"?>
<addon id="service.kodi_playlist_resumer" name="Kodi Playlist Resumer" version="1.0.4" provider-name="Bower9065">
  <requires>
    <import addon="xbmc.python" version="3.0.0"/>
  </requires>
  <extension point="xbmc.service" library="default.py" />
  <extension point="xbmc.addon.metadata">
    <summary lang="en_GB">Playlist or filepath restorer.</summary>
    <description lang="en_GB">Periodically sets the resume point of file or entire playlist (if video is in Kodi library) and can automatically resume on Kodi start.</description>
    <platform>all</platform>
	  <license>GPL-3.0-only</license>
    <website></website>
    <source>https://github.com/bower9065/service.kodi_playlist_resumer/tree/main</source>
    <forum></forum>
    <email></email>
	<assets>
		<icon>resources/icon.png</icon>
		<fanart>resources/fanart.jpg</fanart>
		<screenshot></screenshot>
	</assets>
  </extension>
</addon>