<?xml version="1.0" encoding="UTF-8"?>
<window>
	<defaultcontrol always="true">3012</defaultcontrol>
	<onload>Dialog.Close(fullscreeninfo,true)</onload>
	<onload>Dialog.Close(videoosd,true)</onload>
	<include>Animation_TopSlide</include>
	<controls>
		<control type="group">
			<animation effect="slide" end="0,140" time="0" condition="Skin.HasSetting(ScopeMode) + String.IsEqual(Skin.String(scope_mode),$LOCALIZE[31476])">Conditional</animation>
			<animation effect="slide" end="0,135" time="0" condition="Skin.HasSetting(ScopeMode) + String.IsEqual(Skin.String(scope_mode),$LOCALIZE[31479])">Conditional</animation>
			<animation effect="slide" end="0,131.5" time="0" condition="Skin.HasSetting(ScopeMode) + String.IsEqual(Skin.String(scope_mode),$LOCALIZE[31475])">Conditional</animation>
			<animation effect="slide" end="0,21" time="0" condition="Skin.HasSetting(ScopeMode) + String.IsEqual(Skin.String(scope_mode),$LOCALIZE[31478])">Conditional</animation>
			<control type="group">
				<height>181</height>
				<!-- Background -->
				<control type="image">
					<top>0</top>
					<width>100%</width>
					<height>181</height>
					<texture>dialogs/dialog-bg-nobo.png</texture>
				</control>
				<!-- Thumb -->
				<control type="group">
					<top>20</top>
					<left>20</left>
					<control type="image">
						<width>250</width>
						<height>141</height>
						<texture colordiffuse="$VAR[SkinColorVar]">colors/white.png</texture>
						<visible>String.IsEmpty(Window.Property(thumb)) + String.IsEmpty(Window.Property(landscape)) + String.IsEmpty(Window.Property(fanart))</visible>
					</control>
					<control type="textbox">
						<top>10</top>
						<left>10</left>
						<width>230</width>
						<height>121</height>
						<font>font12</font>
						<textcolor>ffffffff</textcolor>
						<shadowcolor>00000000</shadowcolor>
						<align>center</align>
						<aligny>center</aligny>
						<label>$INFO[Window.Property(tvshowtitle),[B],[/B]]</label>
						<visible>String.IsEmpty(Window.Property(thumb)) + String.IsEmpty(Window.Property(landscape)) + String.IsEmpty(Window.Property(fanart))</visible>
					</control>
					<control type="image">
						<width>250</width>
						<height>141</height>
						<texture>$INFO[Window.Property(landscape)]</texture>
						<aspectratio>scale</aspectratio>
					</control>
					<control type="image">
						<width>250</width>
						<height>141</height>
						<texture>$INFO[Window.Property(fanart)]</texture>
						<aspectratio>scale</aspectratio>
						<visible>String.IsEmpty(Window.Property(landscape))</visible>
					</control>
					<control type="image">
						<width>250</width>
						<height>141</height>
						<texture>$INFO[Window.Property(thumb)]</texture>
						<aspectratio>scale</aspectratio>
						<visible>String.IsEmpty(Window.Property(landscape)) + String.IsEmpty(Window.Property(fanart))</visible>
					</control>
                    <control type="progress" id="3014">
                        <width>250</width>
                        <top>136</top>
                        <height>5</height>
                        <reveal>true</reveal>
                        <righttexture></righttexture>
                        <overlaytexture></overlaytexture>
                        <lefttexture></lefttexture>
                        <texturebg colordiffuse="00ffffff">colors/white.png</texturebg>
                        <midtexture colordiffuse="$VAR[SkinColorVar]">colors/white.png</midtexture>
                    </control>
				</control>
				<!-- Labels -->
				<control type="group">
					<top>20</top>
					<left>290</left>
					<right>20</right>
					<!-- Time -->
					<control type="label">
						<width>auto</width>
						<height>35</height>
						<aligny>center</aligny>
						<font>font25_title</font>
						<textcolor>$VAR[SkinColorVar]</textcolor>
						<shadowcolor>00000000</shadowcolor>
						<label>$ADDON[service.upnext 30036]</label>
						<visible>!Integer.IsGreater(Player.TimeRemaining,59)</visible>
					</control>
					<control type="label">
						<width>auto</width>
						<height>35</height>
						<aligny>center</aligny>
						<font>font25_title</font>
						<textcolor>$VAR[SkinColorVar]</textcolor>
						<shadowcolor>00000000</shadowcolor>
						<label>$ADDON[service.upnext 30006]</label>
						<visible>Integer.IsGreater(Player.TimeRemaining,59)</visible>
					</control>
					<!-- Details -->
					<control type="group">
						<height>35</height>
						<top>40</top>
						<control type="label">
							<width>auto</width>
							<height>35</height>
							<aligny>center</aligny>
							<font>font13</font>
							<textcolor>$VAR[SkinColorVar]</textcolor>
							<shadowcolor>00000000</shadowcolor>
							<label>$INFO[Window.Property(tvshowtitle),[COLOR white],[/COLOR] - ]$INFO[Window.Property(season),[COLOR white],x[/COLOR]]$INFO[Window.Property(episode),[COLOR white],.[/COLOR] ]$INFO[Window.Property(title),[COLOR white],[/COLOR]]$INFO[Window.Property(year), - [COLOR white],[/COLOR]]</label>
						</control>
					</control>
					<!-- Buttons -->
					<control type="grouplist">
						<orientation>horizontal</orientation>
						<height>100</height>
						<bottom>-10</bottom>
						<left>-20</left>
						<itemgap>10</itemgap>
						<include content="DefaultDialogButton">
							<param name="id" value="3012" />
							<param name="label" value="$ADDON[service.upnext 30006]" />
							<param name="height" value="90" />
							<param name="width" value="340" />
						</include>
						<include content="DefaultDialogButton">
							<param name="id" value="3013" />
							<param name="label" value="$ADDON[service.upnext 30034]" />
							<param name="height" value="90" />
							<param name="width" value="340" />
						</include>
					</control>
				</control>
			</control>
		</control>
	</controls>
</window>