<?xml version="1.0" encoding="UTF-8" standalone="yes"?>
<addon id="service.kodi_playlist_resumer" name="Kodi Playlist Resumer" version="1.1.2" provider-name="Bower9065">
  <requires>
    <import addon="xbmc.python" version="3.0.0"/>
  </requires>
  <extension point="kodi.context.item">
	  <menu id="kodi.core.main">
		  <item library="resources/lib/context.py">
			  <label>32100</label>
			  <visible>Addon.SettingBool(service.kodi_playlist_resumer,AddContextMenuItem) + [Window.IsVisible(videos) | String.IsEqual(ListItem.DBTYPE, movie) | String.IsEqual(ListItem.DBTYPE, episode) | String.IsEqual(ListItem.DBTYPE, set) | String.IsEqual(ListItem.DBTYPE, tvshow) | String.IsEqual(ListItem.DBTYPE, musicvideo) | String.IsEqual(ListItem.DBTYPE, season)] + !ListItem.IsParentFolder + ![String.StartsWith(ListItem.FolderPath, plugin) | String.StartsWith(ListItem.FolderPath, addons) | String.StartsWith(ListItem.FolderPath, sources)] + !String.IsEqual(ListItem.FolderPath, add)</visible>
		  </item>
	  </menu>
  </extension>  
  <extension point="xbmc.service" library="default.py" />
  <extension point="xbmc.addon.metadata">
    <summary lang="en_GB">Playlist or filepath restorer.</summary>
    <description lang="en_GB">Periodically sets the resume point of file or entire playlist (if video is in Kodi library) and can automatically resume on Kodi start.</description>
    <platform>all</platform>
	  <license>GPL-3.0-only</license>
    <website></website>
    <source>https://github.com/bower9065/service.kodi_playlist_resumer/tree/main</source>
    <forum></forum>
    <email></email>
	<assets>
		<icon>resources/icon.png</icon>
		<fanart>resources/fanart.jpg</fanart>
		<screenshot></screenshot>
	</assets>
  </extension>
</addon>