<?xml version="1.0" encoding="UTF-8" standalone="yes"?>
<addon id="script.estuary.modv2_theme_selector" name="Estuary Mod V2 Theme Selector" version="1.0.11" provider-name="Bower9065">
	<requires>
		<import addon="xbmc.python" version="3.0.0"/>
	</requires>
	<extension point="xbmc.python.script" library="script.py">
		<provides>executable</provides>
	</extension>
	<extension point="xbmc.addon.metadata">
		<language></language>
		<summary lang="en">Change Bower9065's Estuary Mod V2 themes from Home Assistant</summary>
		<description lang="en">Uses Kodi integration. See README.md for Home Assistant example service-call.</description>			
		<platform>all</platform>
		<website></website>
		<source>https://github.com/bower9065/script.estuary.modv2_theme_selector/tree/main</source>
		<forum></forum>
		<email></email> 
		<assets>
			<icon>resources/icon.png</icon>
			<fanart>resources/fanart.jpg</fanart>
			<screenshot></screenshot>
		</assets>		
	</extension>
</addon>