<?xml version="1.0" encoding="utf-8"?>
<window type="dialog" id="1136">
	<defaultcontrol always="true">3</defaultcontrol>
	<include>Animation_DialogPopupOpenClose</include>
	<controls>
		<control type="group">
			<centerleft>50%</centerleft>
			<centertop>50%</centertop>
			<height>440</height>
			<width>1000</width>
			<include content="DialogBackgroundCommons">
				<param name="width" value="1000" />
				<param name="height" value="440" />
				<param name="header_label" value="$LOCALIZE[31399]" />
				<param name="header_id" value="1" />
			</include>
			<control type="textbox">
				<left>30</left>
				<top>95</top>
				<width>940</width>
				<height>300</height>
				<shadowcolor>black</shadowcolor>
				<pagecontrol>3000</pagecontrol>
				<font>font13</font>
				<label>$LOCALIZE[31398]</label>
			</control>
			<control type="grouplist" id="9000">
				<orientation>horizontal</orientation>
				<left>0</left>
				<top>300</top>
				<width>1000</width>
				<align>center</align>
				<control type="radiobutton" id="2">
					<width>430</width>
					<height>100</height>
					<label>$LOCALIZE[31400]</label>
					<font>font25_title</font>
					<textoffsetx>38</textoffsetx>
					<textwidth>280</textwidth>
					<onclick>Skin.ToggleSetting(FirstTimeRun2)</onclick>
					<align>left</align>
					<scroll>true</scroll>
					<texturefocus border="40" colordiffuse="$VAR[SkinColorVar]">buttons/dialogbutton-fo.png</texturefocus>
					<texturenofocus border="40">buttons/dialogbutton-nofo.png</texturenofocus>
					<textureradioonfocus>buttons/status-on.png</textureradioonfocus>
					<textureradioonnofocus>buttons/status-on.png</textureradioonnofocus>
					<textureradioofffocus>buttons/status-off.png</textureradioofffocus>
					<textureradiooffnofocus>buttons/status-off.png</textureradiooffnofocus>
					<textureradiooffdisabled>buttons/status-off.png</textureradiooffdisabled>
					<textureradioondisabled>buttons/status-on.png</textureradioondisabled>
				</control>
				<control type="button" id="3">
					<width>430</width>
					<height>100</height>
					<label>$LOCALIZE[15067]</label>
					<font>font25_title</font>
					<textoffsetx>30</textoffsetx>
					<onclick>Dialog.Close(1136)</onclick>
					<align>center</align>
					<texturefocus border="40" colordiffuse="$VAR[SkinColorVar]">buttons/dialogbutton-fo.png</texturefocus>
					<texturenofocus border="40">buttons/dialogbutton-nofo.png</texturenofocus>
				</control>
			</control>
		</control>
	</controls>
</window>