<?xml version="1.0" encoding="UTF-8" standalone="yes"?>
<addon id="script.estuary.modv2_theme_selector" name="Estuary Mod V2 Theme Selector" version="1.0.0" provider-name="Bower9065">
	<requires>
		<import addon="xbmc.python" version="3.0.0"/>
	</requires>
	<extension point="xbmc.python.script" library="script.py">
		<provides>executable</provides>
	</extension>
	<extension point="xbmc.addon.metadata">
		<language></language>
		<summary lang="en">Send JSON-RPC commands to Kodi addon</summary>
		<description lang="en">Change theme settings for Bower9065's mod of Estuary Mod V2 from Home Assistant using Kodi integration.
Accepted commands: 
  'Valentines Day', 'St Patricks Day', 'Easter', '4th of July',
  'Halloween', 'Thanksgiving', 'Chrtistmas', 'New Years Eve', 
  'Spring', 'Summer', 'Autumn', 'Winter', 'Holiday Themes on/off', 
  'String Lights on/off', 'Snow Effect on/off' and 'Character on/off'. 
Example call-service:
  alias: Kodi Themes - Thanksgiving
  service: kodi.call_method
  target:
	entity_id:
	  - media_player.kodi_pc
	  - media_player.kodi_bedroom
	  - media_player.kodi_living_room
	  data:
		method: Addons.ExecuteAddon
		addonid: script.estuary.modv2_theme_selector
		params:
		  command: Thanksgiving
		</description>			
		<platform>all</platform>
		<website></website>
		<source>https://github.com/joshjowen</source>
		<forum></forum>
		<email></email> 
		<assets>
			<icon>resources/icon.png</icon>
			<fanart>resources/fanart.jpg</fanart>
			<screenshot></screenshot>
		</assets>		
	</extension>
</addon>