<?xml version="1.0" encoding="utf-8"?>
<includes>
	<include name="Snow Spring">
		<control type="group">
		<visible>Skin.HasSetting(EnableSnowEffect) + Skin.HasSetting(HolidayThemes) + Skin.HasSetting(Spring) + !Window.IsActive(visualisation) </visible>
			<control type="group">
					<left>-100</left>
					<!-- Use this to space all the groups -->
					<control type="image">
						<left>40</left>
						<top>-180</top>
						<width>19</width>
						<height>19</height>
						<texture>rain_2.png</texture>
						<aspectratio scalediffuse="false">keep</aspectratio>
						<animation effect="slide" start="50,0" end="100,1320" time="1800" delay="600" reversible="false" loop="true" condition="true">Conditional</animation>
						<colordiffuse>C2FFFFFF</colordiffuse>
					</control>
					<control type="image">
						<left>100</left>
						<top>-100</top>
						<width>8</width>
						<height>8</height>
						<texture>rain_1.png</texture>
						<aspectratio scalediffuse="false">keep</aspectratio>
						<animation effect="slide" start="50,0" end="0,1320" time="1600" delay="0" reversible="false" loop="true" condition="true">Conditional</animation>
						<colordiffuse>C2FFFFFF</colordiffuse>
					</control>
					<control type="image">
						<left>200</left>
						<top>-20</top>
						<width>20</width>
						<height>30</height>
						<texture>rain_2.png</texture>
						<aspectratio scalediffuse="false">keep</aspectratio>
						<animation effect="slide" start="50,0" end="100,1320" time="1800" delay="300" reversible="false" loop="true" condition="true">Conditional</animation>
						<colordiffuse>C2FFFFFF</colordiffuse>
					</control>
					<control type="image">
						<left>260</left>
						<top>-80</top>
						<width>12</width>
						<height>12</height>
						<texture>rain_1.png</texture>
						<aspectratio scalediffuse="false">keep</aspectratio>
						<animation effect="slide" start="50,0" end="0,1320" time="1200" delay="200" reversible="false" loop="true" condition="true">Conditional</animation>
						<colordiffuse>C2FFFFFF</colordiffuse>
					</control>
					<control type="image">
						<left>390</left>
						<top>-210</top>
						<width>17</width>
						<height>17</height>
						<texture>rain_2.png</texture>
						<aspectratio scalediffuse="false">keep</aspectratio>
						<animation effect="slide" start="50,0" end="100,1320" time="1800" delay="600" reversible="false" loop="true" condition="true">Conditional</animation>
						<colordiffuse>C2FFFFFF</colordiffuse>
					</control>
				</control>
				<control type="group">
					<left>125</left>
					<!-- -Use this to space all the groups- -->
					<control type="image">
						<left>80</left>
						<top>-100</top>
						<width>18</width>
						<height>18</height>
						<texture>rain_1.png</texture>
						<aspectratio scalediffuse="false">keep</aspectratio>
						<animation effect="slide" start="50,0" end="0,1320" time="1600" delay="100" reversible="false" loop="true" condition="true">Conditional</animation>
						<colordiffuse>C2FFFFFF</colordiffuse>
					</control>
					<control type="image">
						<left>240</left>
						<top>-40</top>
						<width>12</width>
						<height>12</height>
						<texture>rain_2.png</texture>
						<aspectratio scalediffuse="false">keep</aspectratio>
						<animation effect="slide" start="50,0" end="100,1320" time="1800" delay="180" reversible="false" loop="true" condition="true">Conditional</animation>
						<colordiffuse>C2FFFFFF</colordiffuse>
					</control>
					<control type="image">
						<left>390</left>
						<top>-210</top>
						<width>10</width>
						<height>10</height>
						<texture>rain_1.png</texture>
						<aspectratio scalediffuse="false">keep</aspectratio>
						<animation effect="slide" start="50,0" end="0,1420" time="1200" delay="150" reversible="false" loop="true" condition="true">Conditional</animation>
						<colordiffuse>C2FFFFFF</colordiffuse>
						<colordiffuse>C2FFFFFF</colordiffuse>
					</control>
				</control>
				<control type="group">
					<left>550</left>
					<top>-200</top>
					<control type="image">
						<left>20</left>
						<top>-60</top>
						<width>20</width>
						<height>20</height>
						<texture>rain_2.png</texture>
						<aspectratio scalediffuse="false">keep</aspectratio>
						<animation effect="slide" start="50,0" end="100,1320" time="1800" delay="130" reversible="false" loop="true" condition="true">Conditional</animation>
						<colordiffuse>C2FFFFFF</colordiffuse>
					</control>
					<control type="image">
						<left>100</left>
						<top>-190</top>
						<width>18</width>
						<height>18</height>
						<texture>rain_1.png</texture>
						<aspectratio scalediffuse="false">keep</aspectratio>
						<animation effect="slide" start="50,0" end="0,1420" time="1600" delay="200" reversible="false" loop="true" condition="true">Conditional</animation>
						<colordiffuse>C2FFFFFF</colordiffuse>
					</control>
					<control type="image">
						<left>260</left>
						<top>-80</top>
						<width>14</width>
						<height>14</height>
						<texture>rain_2.png</texture>
						<aspectratio scalediffuse="false">keep</aspectratio>
						<animation effect="slide" start="50,0" end="100,1320" time="1800" delay="230" reversible="false" loop="true" condition="true">Conditional</animation>
						<colordiffuse>C2FFFFFF</colordiffuse>
					</control>
					<control type="image">
						<left>330</left>
						<top>-110</top>
						<width>17</width>
						<height>17</height>
						<texture>rain_2.png</texture>
						<aspectratio scalediffuse="false">keep</aspectratio>
						<animation effect="slide" start="50,0" end="0,1320" time="1200" delay="160" reversible="false" loop="true" condition="true">Conditional</animation>
						<colordiffuse>C2FFFFFF</colordiffuse>
						<colordiffuse>C2FFFFFF</colordiffuse>
					</control>
					<control type="image">
						<left>390</left>
						<top>-110</top>
						<width>10</width>
						<height>10</height>
						<texture>rain_2.png</texture>
						<aspectratio scalediffuse="false">keep</aspectratio>
						<animation effect="slide" start="50,0" end="100,1320" time="1800" delay="220" reversible="false" loop="true" condition="true">Conditional</animation>
						<colordiffuse>C2FFFFFF</colordiffuse>
					</control>
				</control>
				<control type="group">
					<left>825</left>
					<!-- -Use this to space all the groups- -->
					<control type="image">
						<left>100</left>
						<top>-200</top>
						<width>16</width>
						<height>16</height>
						<texture>rain_1.png</texture>
						<aspectratio scalediffuse="false">keep</aspectratio>
						<animation effect="slide" start="50,0" end="0,1420" time="1600" delay="300" reversible="false" loop="true" condition="true">Conditional</animation>
						<colordiffuse>C2FFFFFF</colordiffuse>
					</control>
					<control type="image">
						<left>200</left>
						<top>-40</top>
						<width>20</width>
						<height>20</height>
						<texture>rain_2.png</texture>
						<aspectratio scalediffuse="false">keep</aspectratio>
						<animation effect="slide" start="50,0" end="100,1320" time="1800" delay="130" reversible="false" loop="true" condition="true">Conditional</animation>
						<colordiffuse>C2FFFFFF</colordiffuse>
					</control>
					<control type="image">
						<left>260</left>
						<top>-80</top>
						<width>14</width>
						<height>14</height>
						<texture>rain_2.png</texture>
						<aspectratio scalediffuse="false">keep</aspectratio>
						<animation effect="slide" start="50,0" end="0,1320" time="1200" delay="330" reversible="false" loop="true" condition="true">Conditional</animation>
						<colordiffuse>C2FFFFFF</colordiffuse>
					</control>
					<control type="image">
						<left>390</left>
						<top>-110</top>
						<width>18</width>
						<height>18</height>
						<texture>rain_1.png</texture>
						<aspectratio scalediffuse="false">keep</aspectratio>
						<animation effect="slide" start="50,0" end="100,1320" time="1800" delay="350" reversible="false" loop="true" condition="true">Conditional</animation>
						<colordiffuse>C2FFFFFF</colordiffuse>
					</control>
				</control>
				<control type="group">
					<left>1400</left>
					<!-- Use this to space all the groups -->
					<control type="image">
						<left>40</left>
						<top>-180</top>
						<width>15</width>
						<height>15</height>
						<texture>rain_2.png</texture>
						<aspectratio scalediffuse="false">keep</aspectratio>
						<animation effect="slide" start="50,0" end="0,1420" time="1600" delay="160" reversible="false" loop="true" condition="true">Conditional</animation>
						<colordiffuse>C2FFFFFF</colordiffuse>
					</control>
					<control type="image">
						<left>100</left>
						<top>-100</top>
						<width>18</width>
						<height>18</height>
						<texture>rain_1.png</texture>
						<aspectratio scalediffuse="false">keep</aspectratio>
						<animation effect="slide" start="50,0" end="100,1320" time="1800" delay="0" reversible="false" loop="true" condition="true">Conditional</animation>
						<colordiffuse>C2FFFFFF</colordiffuse>
					</control>
					<control type="image">
						<left>200</left>
						<top>-40</top>
						<width>15</width>
						<height>15</height>
						<texture>rain_2.png</texture>
						<aspectratio scalediffuse="false">keep</aspectratio>
						<animation effect="slide" start="50,0" end="0,1320" time="1200" delay="130" reversible="false" loop="true" condition="true">Conditional</animation>
						<colordiffuse>C2FFFFFF</colordiffuse>
					</control>
					<control type="image">
						<left>260</left>
						<top>-90</top>
						<width>25</width>
						<height>25</height>
						<texture>rain_1.png</texture>
						<aspectratio scalediffuse="false">keep</aspectratio>
						<animation effect="slide" start="50,0" end="100,1320" time="1800" delay="220" reversible="false" loop="true" condition="true">Conditional</animation>
						<colordiffuse>C2FFFFFF</colordiffuse>
					</control>
					<control type="image">
						<left>390</left>
						<top>-210</top>
						<width>17</width>
						<height>17</height>
						<texture>rain_2.png</texture>
						<aspectratio scalediffuse="false">keep</aspectratio>
						<animation effect="slide" start="0,0" end="0,1420" time="1600" delay="60" reversible="false" loop="true" condition="true">Conditional</animation>
						<colordiffuse>C2FFFFFF</colordiffuse>
					</control>
				</control>
		<animation effect="fade" start="0" end="100" time="400">WindowOpen</animation>
		<animation effect="fade" start="100" end="0" time="300">WindowClose</animation>
		</control>
	</include>		
	<include name="Lights Spring">		
		<control type="image">
				<left>0</left>
				<top>-120</top>
				<width></width>
				<height>300</height>
				<texture>lights_spring.png</texture>
				<aspectratio scalediffuse="false">keep</aspectratio>
		<visible>Skin.HasSetting(EnableStringLights) + Skin.HasSetting(HolidayThemes) + Skin.HasSetting(Spring) + [!Player.Playing | Window.IsVisible(DialogSeekBar.xml)]</visible>
		</control>
	</include>		
	<include name="Tree Spring">		
		<control type="image">
				<left>-1100</left>
				<top>630</top>
				<width></width>
				<height>450</height>
				<texture>tree_spring.png</texture>
				<aspectratio scalediffuse="false">keep</aspectratio>
		<visible>Skin.HasSetting(EnableCharacter) + Skin.HasSetting(HolidayThemes) + Skin.HasSetting(Spring) + Window.IsVisible(Home) + [!Window.IsActive(MovieInformation) + !Window.IsActive(MusicInformation) + !Window.IsActive(PVRGuideInfo) + !Window.IsActive(PVRRecordingInfo) + !Window.IsActive(PictureInfo) + !Window.IsActive(AddonInformation)]</visible>	
		<animation effect="fade" start="0" end="100" time="400">WindowOpen</animation>
		<animation effect="fade" start="100" end="0" time="300">WindowClose</animation>
		</control>	
	</include>		
	<include name="Hat Spring">		
		<control type="image">	
			<top>5</top>
			<left>15</left>			
			<aspectratio>keep</aspectratio>
			<width>86</width>
			<height>86</height>
			<texture>hat_spring.png</texture>
			<visible>Skin.HasSetting(Spring)+ Skin.HasSetting(HolidayThemes) + Window.IsVisible(Home) + [!Window.IsActive(MovieInformation) + !Window.IsActive(MusicInformation) + !Window.IsActive(PVRGuideInfo) + !Window.IsActive(PVRRecordingInfo) + !Window.IsActive(PictureInfo) + !Window.IsActive(AddonInformation)]</visible>
		<animation effect="fade" start="0" end="100" time="400">WindowOpen</animation>
		<animation effect="fade" start="100" end="0" time="300">WindowClose</animation>
		</control>			
	</include>
	<include name="Character Spring">
		<control type="image">
				<left>0</left>
				<top>0</top>
				<width></width>
				<height>0</height>
				<texture></texture>
				<aspectratio scalediffuse="false">keep</aspectratio>
		</control>	
	</include>		
</includes>
