<?xml version="1.0" encoding="utf-8"?>
<window>
	<depth>DepthOSD</depth>
	<defaultcontrol always="true">9000</defaultcontrol>
	<onload>SetProperty(infobackground,$ESCINFO[ListItem.FolderPath],home)</onload>
	<onunload>ClearProperty(infobackground,home)</onunload>
	<controls>
		<control type="group">
			<centertop>50%</centertop>
			<height>1080</height>
			<centerleft>50%</centerleft>
			<width>1920</width>
			<control type="group">
				<visible>!Window.IsActive(Slideshow)</visible>
				<include>OpenClose_Left</include>
				<top>160</top>
				<control type="image">
					<left>70</left>
					<width>1280</width>
					<height>820</height>
					<texture border="21">dialogs/dialog-bg.png</texture>
				</control>
				<control type="image">
					<left>120</left>
					<top>50</top>
					<width>1180</width>
					<height>720</height>
					<aspectratio aligny="center">keep</aspectratio>
					<bordertexture colordiffuse="border_alpha">colors/black.png</bordertexture>
					<bordersize>4</bordersize>
					<texture border="4" background="true" fallback="colors/black.png">$INFO[ListItem.FolderPath]</texture>
				</control>
			</control>
			<control type="group">
				<include>OpenClose_Right</include>
				<top>160</top>
				<control type="image">
					<description>background image</description>
					<right>70</right>
					<width>510</width>
					<height>820</height>
					<texture border="22">dialogs/dialog-bg.png</texture>
				</control>
				<include content="UpDownArrows">
					<param name="container_id" value="5" />
					<param name="posx" value="1571" />
					<param name="up_posy" value="-20" />
					<param name="down_posy" value="816" />
				</include>
				<control type="group" id="9000">
					<control type="scrollbar" id="60">
						<left>1840</left>
						<top>20</top>
						<width>12</width>
						<height>780</height>
						<orientation>vertical</orientation>
					</control>
					<control type="list" id="5">
						<right>70</right>
						<top>30</top>
						<width>480</width>
						<height>750</height>
						<orientation>vertical</orientation>
						<onleft>Dialog.Close(all,true)</onleft>
						<onleft>Action(left)</onleft>
						<onleft>info</onleft>
						<onright>Dialog.Close(all,true)</onright>
						<onright>Action(right)</onright>
						<onright>info</onright>
						<onup>5</onup>
						<ondown>5</ondown>
						<pagecontrol>60</pagecontrol>
						<focusedlayout height="100">
							<control type="label">
								<left>10</left>
								<height>50</height>
								<width>430</width>
								<aligny>center</aligny>
								<font>font12</font>
								<label>$INFO[ListItem.Label] :</label>
								<textcolor>$VAR[SkinColorVar]</textcolor>
								<shadowcolor>$VAR[ShadowColorVar]</shadowcolor>
							</control>
							<control type="label">
								<top>35</top>
								<left>10</left>
								<height>50</height>
								<width>430</width>
								<align>right</align>
								<font>font12</font>
								<aligny>center</aligny>
								<label>$INFO[ListItem.Label2]</label>
								<shadowcolor>$VAR[ShadowColorVar]</shadowcolor>
								<scroll>true</scroll>
							</control>
						</focusedlayout>
						<itemlayout height="100">
							<control type="label">
								<left>10</left>
								<height>50</height>
								<width>430</width>
								<aligny>center</aligny>
								<label>$INFO[ListItem.Label] :</label>
								<font>font12</font>
								<textcolor>$VAR[SkinColorVar]</textcolor>
								<shadowcolor>$VAR[ShadowColorVar]</shadowcolor>
							</control>
							<control type="label">
								<top>35</top>
								<left>10</left>
								<height>50</height>
								<width>430</width>
								<align>right</align>
								<font>font12</font>
								<aligny>center</aligny>
								<label>$INFO[ListItem.Label2]</label>
								<shadowcolor>$VAR[ShadowColorVar]</shadowcolor>
								<scroll>true</scroll>
							</control>
						</itemlayout>
					</control>
				</control>
			</control>
		</control>
		<include content="InfoDialogTopBarInfo">
			<param name="main_label" value="$INFO[ListItem.Label]" />
			<param name="sub_label" value="$INFO[ListItem.PictureDateTime]" />
			<param name="subtextcolor" value="$VAR[SkinColorVar]" />
		</include>
		<include condition="Skin.HasSetting(touchmode)">TouchBackButton</include>
	</controls>
</window>
