<?xml version="1.0" encoding="utf-8"?>
<window type="dialog" id="1126">
	<defaultcontrol always="true">11000</defaultcontrol>
	<include>Animation_DialogPopupOpenClose</include>
	<controls>
		<control type="group">
			<centerleft>50%</centerleft>
			<height>570</height>
			<centertop>50%</centertop>
			<width>1000</width>
			<include content="DialogBackgroundCommons">
				<param name="width" value="1000" />
				<param name="height" value="570" />
				<param name="header_label" value="$LOCALIZE[31301]" />
				<param name="header_id" value="1" />
			</include>
			<control type="group" id="11000">
				<left>0</left>
				<top>80</top>
				<control type="grouplist" id="11100">
					<width>1000</width>
					<height>570</height>
					<itemgap>0</itemgap>
					<onup>11100</onup>
					<ondown>11100</ondown>
					<onright>60</onright>
					<onleft>60</onleft>
					<pagecontrol>60</pagecontrol>
					<orientation>vertical</orientation>
					<control type="radiobutton" id="11111">
						<label>$LOCALIZE[31297] : $LOCALIZE[31148]</label>
						<include>DefaultSettingButton</include>
						<selected>Skin.HasSetting(hide_musicvideocategory)</selected>
						<onclick>Skin.ToggleSetting(hide_musicvideocategory)</onclick>
					</control>
					<control type="radiobutton" id="11112">
						<label>$LOCALIZE[31297] : $LOCALIZE[20390]</label>
						<include>DefaultSettingButton</include>
						<selected>Skin.HasSetting(hide_recentlyaddedmusicvideos)</selected>
						<onclick>Skin.ToggleSetting(hide_recentlyaddedmusicvideos)</onclick>
					</control>
					<control type="radiobutton" id="11113">
						<label>$LOCALIZE[31297] : $LOCALIZE[31151]</label>
						<include>DefaultSettingButton</include>
						<selected>Skin.HasSetting(hide_unwatchedmusicvideos)</selected>
						<onclick>Skin.ToggleSetting(hide_unwatchedmusicvideos)</onclick>
					</control>
					<control type="radiobutton" id="11114">
						<label>$LOCALIZE[31297] : $LOCALIZE[31467]</label>
						<include>DefaultSettingButton</include>
						<selected>Skin.HasSetting(hide_mostplayemusicvideos)</selected>
						<onclick>Skin.ToggleSetting(hide_mostplayemusicvideos)</onclick>
					</control>
					<control type="radiobutton" id="11115">
						<label>$LOCALIZE[31297] : $LOCALIZE[31013]</label>
						<include>DefaultSettingButton</include>
						<selected>Skin.HasSetting(hide_randommusicvideoartists)</selected>
						<onclick>Skin.ToggleSetting(hide_randommusicvideoartists)</onclick>
					</control>
					<control type="radiobutton" id="11116">
						<label>$LOCALIZE[31297] : $LOCALIZE[31152]</label>
						<include>DefaultSettingButton</include>
						<selected>Skin.HasSetting(hide_randommusicvideo)</selected>
						<onclick>Skin.ToggleSetting(hide_randommusicvideo)</onclick>
					</control>
					<control type="radiobutton" id="11117">
						<label>$LOCALIZE[31297] : $LOCALIZE[20388]</label>
						<include>DefaultSettingButton</include>
						<selected>Skin.HasSetting(hide_musicvideostudios)</selected>
						<onclick>Skin.ToggleSetting(hide_musicvideostudios)</onclick>
					</control>		
				</control>
				<include content="SettingsScrollbar">
					<param name="height">485</param>
					<param name="leftright">11100</param>
				</include>
			</control>
		</control>
	</controls>
</window>
