<?xml version="1.0" encoding="utf-8"?>
<window type="dialog" id="1111">
	<defaultcontrol always="true">4391</defaultcontrol>
	<controls>
		<animation effect="slide" end="0,-200" time="300" tween="sine" easing="inout" condition="$EXP[infodialog_active]">conditional</animation>
		<animation effect="slide" end="0,140" time="0" condition="Window.IsActive(fullscreenvideo) + Skin.HasSetting(ScopeMode) + String.IsEqual(Skin.String(scope_mode),$LOCALIZE[31476])">Conditional</animation>
		<animation effect="slide" end="0,135" time="0" condition="Window.IsActive(fullscreenvideo) + Skin.HasSetting(ScopeMode) + String.IsEqual(Skin.String(scope_mode),$LOCALIZE[31479])">Conditional</animation>
		<animation effect="slide" end="0,131.5" time="0" condition="Window.IsActive(fullscreenvideo) + Skin.HasSetting(ScopeMode) + String.IsEqual(Skin.String(scope_mode),$LOCALIZE[31475])">Conditional</animation>
		<animation effect="slide" end="0,21" time="0" condition="Window.IsActive(fullscreenvideo) + Skin.HasSetting(ScopeMode) + String.IsEqual(Skin.String(scope_mode),$LOCALIZE[31478])">Conditional</animation>
		<depth>DepthBars</depth>
		<control type="button" id="4391">
			<left>-1000</left>
			<width>1</width>
			<height>1</height>
			<visible allowhiddenfocus="true">false</visible>
			<onclick>Dialog.Close(all)</onclick>
		</control>
		<control type="group">
			<control type="image">
				<left>0</left>
				<top>0</top>
				<width>110%</width>
				<height>100</height>
				<texture colordiffuse="$VAR[Bars_Opacity]">frame/osdfade.png</texture>
			</control>
			<control type="group">
				<animation effect="fade" time="300">VisibleChange</animation>
				<animation effect="fade" start="0" end="100" time="300">WindowOpen</animation>
				<animation effect="fade" start="100" end="0" time="200">WindowClose</animation>
				<control type="grouplist">
					<left>20</left>
					<top>10</top>
					<orientation>horizontal</orientation>
					<height>50</height>
					<width>290</width>
					<itemgap>3</itemgap>
					<aligny>center</aligny>
					<control type="group">
						<width>48</width>
						<control type="image">
							<width>44</width>
							<height>44</height>
							<aligny>center</aligny>
							<texture colordiffuse="AFFFFFFF">$VAR[LogoVar]</texture>
						</control>
					</control>>
					<control type="group">
						<width>235</width>
						<control type="image">
							<height>48</height>
							<width>235</width>
							<aspectratio>keep</aspectratio>
							<texture colordiffuse="AFFFFFFF">$VAR[VideoresolutionFullScreenVar]</texture>
						</control>
					</control>
				</control>
			</control>
		</control>
	</controls>
</window>
