<?xml version="1.0" encoding="utf-8"?>
<includes>
	<include name="Snow Winter">
		<control type="group">
		<visible>Skin.HasSetting(EnableSnowEffect) + Skin.HasSetting(HolidayThemes) + Skin.HasSetting(Winter) + !Window.IsVisible(FullScreenVideo) + !Window.IsActive(visualisation) </visible>
			<control type="group">
					<left>-100</left>
					<!-- Use this to space all the groups -->
					<animation effect="rotate" end="20" time="10000" delay="300" pulse="true" condition="true">Conditional</animation>
					<control type="image">
						<left>40</left>
						<top>-180</top>
						<width>19</width>
						<height>19</height>
						<texture>snow.png</texture>
						<aspectratio scalediffuse="false">keep</aspectratio>
						<animation effect="slide" start="0,0" end="0,1800" time="11000" delay="1600" reversible="false" loop="true" condition="true">Conditional</animation>
						<animation effect="slide" start="50,0" end="-50,0" time="5300" delay="300" reversible="false" pulse="true" condition="true">Conditional</animation>
					</control>
					<control type="image">
						<left>100</left>
						<top>-100</top>
						<width>28</width>
						<height>28</height>
						<texture>snow.png</texture>
						<aspectratio scalediffuse="false">keep</aspectratio>
						<animation effect="slide" start="0,0" end="0,1800" time="8000" delay="0" reversible="false" loop="true" condition="true">Conditional</animation>
						<animation effect="slide" start="50,0" end="-30,0" time="3200" delay="300" reversible="false" pulse="true" condition="true">Conditional</animation>
					</control>
					<control type="image">
						<left>200</left>
						<top>-40</top>
						<width>20</width>
						<height>20</height>
						<texture>snow.png</texture>
						<aspectratio scalediffuse="false">keep</aspectratio>
						<animation effect="slide" start="0,0" end="0,1800" time="12000" delay="1300" reversible="false" loop="true" condition="true">Conditional</animation>
						<animation effect="slide" start="60,0" end="-20,0" time="4300" delay="220" reversible="false" pulse="true" condition="true">Conditional</animation>
					</control>
					<control type="image">
						<left>260</left>
						<top>-80</top>
						<width>25</width>
						<height>25</height>
						<texture>snow.png</texture>
						<aspectratio scalediffuse="false">keep</aspectratio>
						<animation effect="slide" start="0,0" end="0,1800" time="13000" delay="2200" reversible="false" loop="true" condition="true">Conditional</animation>
						<animation effect="slide" start="50,0" end="-40,0" time="4000" delay="200" reversible="false" pulse="true" condition="true">Conditional</animation>
					</control>
					<control type="image">
						<left>390</left>
						<top>-210</top>
						<width>17</width>
						<height>17</height>
						<texture>snow.png</texture>
						<aspectratio scalediffuse="false">keep</aspectratio>
						<animation effect="slide" start="0,0" end="0,1800" time="13000" delay="600" reversible="false" loop="true" condition="true">Conditional</animation>
						<animation effect="slide" start="30,0" end="-70,0" time="5300" delay="300" reversible="false" pulse="true" condition="true">Conditional</animation>
					</control>
				</control>
				<control type="group">
					<left>125</left>
					<!-- -Use this to space all the groups- -->
					<animation effect="rotate" start="20" end="40" time="9000" delay="800" pulse="true" condition="true">Conditional</animation>
					<control type="image">
						<left>80</left>
						<top>-100</top>
						<width>28</width>
						<height>28</height>
						<texture>snow.png</texture>
						<aspectratio scalediffuse="false">keep</aspectratio>
						<animation effect="slide" start="0,0" end="0,1800" time="8000" delay="1000" reversible="false" loop="true" condition="true">Conditional</animation>
						<animation effect="slide" start="50,0" end="-30,0" time="3200" delay="300" reversible="false" pulse="true" condition="true">Conditional</animation>
					</control>
					<control type="image">
						<left>240</left>
						<top>-40</top>
						<width>22</width>
						<height>22</height>
						<texture>snow.png</texture>
						<aspectratio scalediffuse="false">keep</aspectratio>
						<animation effect="slide" start="0,0" end="0,1800" time="8000" delay="1800" reversible="false" loop="true" condition="true">Conditional</animation>
						<animation effect="slide" start="50,0" end="-40,0" time="4000" delay="200" reversible="false" pulse="true" condition="true">Conditional</animation>
					</control>
					<control type="image">
						<left>390</left>
						<top>-210</top>
						<width>20</width>
						<height>20</height>
						<texture>snow.png</texture>
						<aspectratio scalediffuse="false">keep</aspectratio>
						<animation effect="slide" start="0,0" end="0,1800" time="12000" delay="1500" reversible="false" loop="true" condition="true">Conditional</animation>
						<animation effect="slide" start="30,0" end="-70,0" time="5300" delay="300" reversible="false" pulse="true" condition="true">Conditional</animation>
					</control>
				</control>
				<control type="group">
					<left>550</left>
					<!-- -Use this to space all the groups- -->
					<top>-200</top>
					<animation effect="rotate" end="15" time="7000" delay="500" pulse="true" condition="true">Conditional</animation>
					<control type="image">
						<left>20</left>
						<top>-60</top>
						<width>20</width>
						<height>20</height>
						<texture>snow.png</texture>
						<aspectratio scalediffuse="false">keep</aspectratio>
						<animation effect="slide" start="0,0" end="0,1800" time="12000" delay="1300" reversible="false" loop="true" condition="true">Conditional</animation>
						<animation effect="slide" start="60,0" end="-20,0" time="4300" delay="220" reversible="false" pulse="true" condition="true">Conditional</animation>
					</control>
					<control type="image">
						<left>100</left>
						<top>-190</top>
						<width>28</width>
						<height>28</height>
						<texture>snow.png</texture>
						<aspectratio scalediffuse="false">keep</aspectratio>
						<animation effect="slide" start="0,0" end="0,1800" time="9000" delay="2000" reversible="false" loop="true" condition="true">Conditional</animation>
						<animation effect="slide" start="50,0" end="-60,0" time="3200" delay="300" reversible="false" pulse="true" condition="true">Conditional</animation>
					</control>
					<control type="image">
						<left>260</left>
						<top>-80</top>
						<width>24</width>
						<height>24</height>
						<texture>snow.png</texture>
						<aspectratio scalediffuse="false">keep</aspectratio>
						<animation effect="slide" start="0,0" end="0,1800" time="8000" delay="2300" reversible="false" loop="true" condition="true">Conditional</animation>
						<animation effect="slide" start="50,0" end="-40,0" time="4000" delay="200" reversible="false" pulse="true" condition="true">Conditional</animation>
					</control>
					<control type="image">
						<left>330</left>
						<top>-110</top>
						<width>17</width>
						<height>17</height>
						<texture>snow.png</texture>
						<aspectratio scalediffuse="false">keep</aspectratio>
						<animation effect="slide" start="0,0" end="0,1320" time="11000" delay="1600" reversible="false" loop="true" condition="true">Conditional</animation>
						<animation effect="slide" start="50,0" end="-50,0" time="5300" delay="300" reversible="false" pulse="true" condition="true">Conditional</animation>
					</control>
					<control type="image">
						<left>390</left>
						<top>-110</top>
						<width>20</width>
						<height>20</height>
						<texture>snow.png</texture>
						<aspectratio scalediffuse="false">keep</aspectratio>
						<animation effect="slide" start="0,0" end="0,1800" time="12000" delay="2200" reversible="false" loop="true" condition="true">Conditional</animation>
						<animation effect="slide" start="-30,0" end="60,0" time="3300" delay="300" reversible="false" pulse="true" condition="true">Conditional</animation>
					</control>
				</control>
				<control type="group">
					<left>825</left>
					<!-- -Use this to space all the groups- -->
					<animation effect="rotate" start="15" end="30" time="12000" delay="300" pulse="true" condition="true">Conditional</animation>
					<control type="image">
						<left>100</left>
						<top>-200</top>
						<width>26</width>
						<height>26</height>
						<texture>snow.png</texture>
						<aspectratio scalediffuse="false">keep</aspectratio>
						<animation effect="slide" start="0,0" end="0,1800" time="8000" delay="3000" reversible="false" loop="true" condition="true">Conditional</animation>
						<animation effect="slide" start="50,0" end="-30,0" time="3200" delay="300" reversible="false" pulse="true" condition="true">Conditional</animation>
					</control>
					<control type="image">
						<left>200</left>
						<top>-40</top>
						<width>20</width>
						<height>20</height>
						<texture>snow.png</texture>
						<aspectratio scalediffuse="false">keep</aspectratio>
						<animation effect="slide" start="0,0" end="0,1800" time="13000" delay="1300" reversible="false" loop="true" condition="true">Conditional</animation>
						<animation effect="slide" start="60,0" end="-20,0" time="4300" delay="220" reversible="false" pulse="true" condition="true">Conditional</animation>
					</control>
					<control type="image">
						<left>260</left>
						<top>-80</top>
						<width>24</width>
						<height>24</height>
						<texture>snow.png</texture>
						<aspectratio scalediffuse="false">keep</aspectratio>
						<animation effect="slide" start="0,0" end="0,1800" time="8000" delay="3300" reversible="false" loop="true" condition="true">Conditional</animation>
						<animation effect="slide" start="50,0" end="-30,0" time="4000" delay="200" reversible="false" pulse="true" condition="true">Conditional</animation>
					</control>
					<control type="image">
						<left>390</left>
						<top>-110</top>
						<width>18</width>
						<height>18</height>
						<texture>snow.png</texture>
						<aspectratio scalediffuse="false">keep</aspectratio>
						<animation effect="slide" start="0,0" end="0,1800" time="12000" delay="3500" reversible="false" loop="true" condition="true">Conditional</animation>
						<animation effect="slide" start="30,0" end="-50,0" time="5300" delay="300" reversible="false" pulse="true" condition="true">Conditional</animation>
					</control>
				</control>
				<control type="group">
					<left>1400</left>
					<!-- Use this to space all the groups -->
					<animation effect="rotate" end="22" time="9000" delay="400" pulse="true" condition="true">Conditional</animation>
					<control type="image">
						<left>40</left>
						<top>-180</top>
						<width>19</width>
						<height>19</height>
						<texture>snow.png</texture>
						<aspectratio scalediffuse="false">keep</aspectratio>
						<animation effect="slide" start="0,0" end="0,1800" time="11000" delay="1600" reversible="false" loop="true" condition="true">Conditional</animation>
						<animation effect="slide" start="50,0" end="-50,0" time="5300" delay="300" reversible="false" pulse="true" condition="true">Conditional</animation>
					</control>
					<control type="image">
						<left>100</left>
						<top>-100</top>
						<width>28</width>
						<height>28</height>
						<texture>snow.png</texture>
						<aspectratio scalediffuse="false">keep</aspectratio>
						<animation effect="slide" start="0,0" end="0,1800" time="8000" delay="0" reversible="false" loop="true" condition="true">Conditional</animation>
						<animation effect="slide" start="50,0" end="-30,0" time="3200" delay="300" reversible="false" pulse="true" condition="true">Conditional</animation>
					</control>
					<control type="image">
						<left>200</left>
						<top>-40</top>
						<width>20</width>
						<height>20</height>
						<texture>snow.png</texture>
						<aspectratio scalediffuse="false">keep</aspectratio>
						<animation effect="slide" start="0,0" end="0,1800" time="12000" delay="1300" reversible="false" loop="true" condition="true">Conditional</animation>
						<animation effect="slide" start="60,0" end="-20,0" time="4300" delay="220" reversible="false" pulse="true" condition="true">Conditional</animation>
					</control>
					<control type="image">
						<left>260</left>
						<top>-80</top>
						<width>25</width>
						<height>25</height>
						<texture>snow.png</texture>
						<aspectratio scalediffuse="false">keep</aspectratio>
						<animation effect="slide" start="0,0" end="0,1800" time="15000" delay="2200" reversible="false" loop="true" condition="true">Conditional</animation>
						<animation effect="slide" start="50,0" end="-40,0" time="4000" delay="200" reversible="false" pulse="true" condition="true">Conditional</animation>
					</control>
					<control type="image">
						<left>390</left>
						<top>-210</top>
						<width>17</width>
						<height>17</height>
						<texture>snow.png</texture>
						<aspectratio scalediffuse="false">keep</aspectratio>
						<animation effect="slide" start="0,0" end="0,1800" time="13000" delay="600" reversible="false" loop="true" condition="true">Conditional</animation>
						<animation effect="slide" start="30,0" end="-60,0" time="5300" delay="300" reversible="false" pulse="true" condition="true">Conditional</animation>
					</control>
				</control>
		<animation effect="fade" start="0" end="100" time="400">WindowOpen</animation>
		<animation effect="fade" start="100" end="0" time="300">WindowClose</animation>					
		</control>
	</include>			
	<include name="Lights Winter">			
		<control type="image">
				<left>0</left>
				<top>-130</top>
				<width></width>
				<height>305</height>
				<texture>lights_winter.png</texture>
				<aspectratio scalediffuse="false">keep</aspectratio>
		<visible>Skin.HasSetting(EnableStringLights) + Skin.HasSetting(HolidayThemes) + Skin.HasSetting(Winter) + [[!Player.Playing | !Window.IsVisible(FullScreenVideo)] | Window.IsVisible(DialogSeekBar.xml)]</visible>	
		</control>
	</include>		
	<include name="Tree Winter">		
		<control type="image">
				<left>-1100</left>
				<top>430</top>
				<width></width>
				<height>650</height>
				<texture>tree_winter.png</texture>
				<aspectratio scalediffuse="false">keep</aspectratio>
		<visible>Skin.HasSetting(EnableCharacter) + Skin.HasSetting(HolidayThemes) + Skin.HasSetting(Winter) + Window.IsVisible(Home) + [!Window.IsActive(MovieInformation) + !Window.IsActive(MusicInformation) + !Window.IsActive(PVRGuideInfo) + !Window.IsActive(PVRRecordingInfo) + !Window.IsActive(PictureInfo) + !Window.IsActive(AddonInformation)]</visible>	
		<animation effect="fade" start="0" end="100" time="400">WindowOpen</animation>
		<animation effect="fade" start="100" end="0" time="300">WindowClose</animation>	
		</control>	
	</include>		
	<include name="Hat Winter">		
		<control type="image">	
			<top>5</top>
			<left>5</left>			
			<aspectratio>keep</aspectratio>
			<width>86</width>
			<height>86</height>
			<texture>hat_winter.png</texture>
			<visible>Skin.HasSetting(Winter)+ Skin.HasSetting(HolidayThemes) + Window.IsVisible(Home) + [!Window.IsActive(MovieInformation) + !Window.IsActive(MusicInformation) + !Window.IsActive(PVRGuideInfo) + !Window.IsActive(PVRRecordingInfo) + !Window.IsActive(PictureInfo) + !Window.IsActive(AddonInformation)]</visible>
		<animation effect="fade" start="0" end="100" time="400">WindowOpen</animation>
		<animation effect="fade" start="100" end="0" time="300">WindowClose</animation>	
		</control>			
	</include>
	<include name="Character Winter">
		<control type="image">
				<left>0</left>
				<top>0</top>
				<width></width>
				<height>0</height>
				<texture></texture>
				<aspectratio scalediffuse="false">keep</aspectratio>
		</control>	
	</include>		
</includes>
