<?xml version="1.0" encoding="utf-8"?>
<window type="dialog" id="1129">
	<defaultcontrol always="true">11000</defaultcontrol>
	<include>Animation_DialogPopupOpenClose</include>
	<controls>
		<control type="group">
			<centerleft>50%</centerleft>
			<height>570</height>
			<centertop>50%</centertop>
			<width>1000</width>
			<include content="DialogBackgroundCommons">
				<param name="width" value="1000" />
				<param name="height" value="570" />
				<param name="header_label" value="$LOCALIZE[31304]" />
				<param name="header_id" value="1" />
			</include>
			<control type="group" id="11000">
				<left>0</left>
				<top>80</top>
				<control type="grouplist" id="11100">
					<width>1000</width>
					<height>490</height>
					<itemgap>0</itemgap>
					<onup>11100</onup>
					<ondown>11100</ondown>
					<onright>60</onright>
					<onleft>60</onleft>
					<pagecontrol>60</pagecontrol>
					<orientation>vertical</orientation>
					<control type="radiobutton" id="11111">
						<label>$LOCALIZE[31297] : $LOCALIZE[31148]</label>
						<include>DefaultSettingButton</include>
						<selected>Skin.HasSetting(hide_addonscategories)</selected>
						<onclick>Skin.ToggleSetting(hide_addonscategories)</onclick>
					</control>
					<control type="radiobutton" id="11112">
						<label>$LOCALIZE[31297] : $LOCALIZE[1037]</label>
						<include>DefaultSettingButton</include>
						<selected>Skin.HasSetting(hide_videoaddons)</selected>
						<onclick>Skin.ToggleSetting(hide_videoaddons)</onclick>
					</control>
					<control type="radiobutton" id="11113">
						<label>$LOCALIZE[31297] : $LOCALIZE[1038]</label>
						<include>DefaultSettingButton</include>
						<selected>Skin.HasSetting(hide_audioaddons)</selected>
						<onclick>Skin.ToggleSetting(hide_audioaddons)</onclick>
					</control>
					<control type="radiobutton" id="11114">
						<label>$LOCALIZE[31297] : $LOCALIZE[35049]</label>
						<include>DefaultSettingButton</include>
						<selected>Skin.HasSetting(hide_gameaddons)</selected>
						<onclick>Skin.ToggleSetting(hide_gameaddons)</onclick>
						<visible>System.GetBool(gamesgeneral.enable)</visible>
					</control>
					<control type="radiobutton" id="11115">
						<label>$LOCALIZE[31297] : $LOCALIZE[1043]</label>
						<include>DefaultSettingButton</include>
						<selected>Skin.HasSetting(hide_executableaddons)</selected>
						<onclick>Skin.ToggleSetting(hide_executableaddons)</onclick>
					</control>
					<control type="radiobutton" id="11116">
						<label>$LOCALIZE[31297] : $LOCALIZE[20244]</label>
						<include>DefaultSettingButton</include>
						<selected>Skin.HasSetting(hide_androidapps)</selected>
						<onclick>Skin.ToggleSetting(hide_androidapps)</onclick>
						<visible>System.Platform.Android</visible>
					</control>
					<control type="radiobutton" id="11117">
						<label>$LOCALIZE[31297] : $LOCALIZE[1039]</label>
						<include>DefaultSettingButton</include>
						<selected>Skin.HasSetting(hide_imageaddons)</selected>
						<onclick>Skin.ToggleSetting(hide_imageaddons)</onclick>
					</control>
				</control>
				<include content="SettingsScrollbar">
					<param name="height">485</param>
					<param name="leftright">11100</param>
				</include>
			</control>
		</control>
	</controls>
</window>
