<?xml version="1.0" encoding="UTF-8"?>
<window>
	<defaultcontrol always="true">438</defaultcontrol>
	<onload condition="!Skin.HasSetting(ExtendedOSDInfo) + !Skin.HasSetting(disable_PauseOnExtraInfos) + Player.Playing + !VideoPlayer.Content(musicvideos) + !Pvr.IsPlayingTV + !Pvr.IsPlayingRecording + !Player.IsInternetStream">PlayerControl(Play)</onload>
	<onunload condition="!Skin.HasSetting(ExtendedOSDInfo) + !Skin.HasSetting(disable_PauseOnExtraInfos) + !VideoPlayer.Content(musicvideos) + !Pvr.IsPlayingTV + !Pvr.IsPlayingRecording + !Player.IsInternetStream">PlayerControl(Play)</onunload>
	<onunload>ClearProperty(size,home)</onunload>
	<onload condition="!Window.IsVisible(videoosd) + !Window.IsVisible(1138) + [Skin.HasSetting(ExtendedOSDInfo) | VideoPlayer.Content(musicvideos) | Pvr.IsPlayingTV | Pvr.IsPlayingRecording | Player.IsInternetStream]">ActivateWindow(1143)</onload>
	<onload condition="!String.StartsWith(Player.FileNameAndPath,'plugin://')">RunScript(skin.estuary.mod_v2,getFileSize,$ESCINFO[Player.FileNameAndPath])</onload>
	<controls>
		<control type="group">
			<visible>[VideoPlayer.content(movies) | VideoPlayer.Content(episodes)] + !Skin.HasSetting(ExtendedOSDInfo)</visible>
			<include>FullScreenDimensions</include>
			<animation effect="fade" start="100" end="0" time="200" tween="sine" condition="Window.IsVisible(script-embuary-video.xml) | Window.IsVisible(script-embuary-person.xml) | Window.IsVisible(script-embuary-image.xml)">Conditional</animation>
			<animation effect="zoom" center="auto" end="102,102" time="0" condition="Integer.IsGreater(System.StereoscopicMode,0)">conditional</animation>
			<control type="group">
				<depth>DepthBackground</depth>
				<animation effect="fade" start="0" end="100" time="300">WindowOpen</animation>
				<animation effect="fade" start="100" end="0" time="300">WindowClose</animation>
				<animation effect="fade" time="300">VisibleChange</animation>
				<include content="ColoredBackgroundImages" condition="!Window.Previous(fullscreenvideo)" />
				<include content="DefaultBackground" condition="!Skin.HasSetting(background_showvideo)" />
				<control type="image" id="32111">
					<include>FullScreenDimensions</include>
					<aspectratio>scale</aspectratio>
					<fadetime>400</fadetime>
					<animation effect="fade" time="400">VisibleChange</animation>
					<texture background="true" colordiffuse="$VAR[Background_Opacity]">$VAR[VideoInfoPlayerFanartVar]</texture>
					<visible>Skin.HasSetting(background_showvideo)</visible>
				</control>
			</control>
			<control type="group">
				<top>50</top>
				<left>50</left>
				<include>OpenClose_Right</include>
				<control type="image">
					<top>-20</top>
					<left>-20</left>
					<width>325</width>
					<height>467</height>
					<texture>colors/black.png</texture>
					<bordertexture border="21">overlays/shadow.png</bordertexture>
					<bordersize>20</bordersize>
				</control>
				<control type="image">
					<depth>DepthContentPopout</depth>
					<left>0</left>
					<top>0</top>
					<width>285</width>
					<height>427</height>
					<aspectratio>scale</aspectratio>
					<texture fallback="DefaultVideo.png">$VAR[InfoDialogPlayerPosterVar]</texture>
				</control>
			</control>
			<control type="image" id="3334">
				<top>170</top>
				<right>50</right>
				<width>284</width>
				<height>110</height>
				<aspectratio align="right" aligny="top">keep</aspectratio>
				<texture background="true" fallback="fallback.png">$VAR[PlayerInfoClearLogoVar]</texture>
				<include>OpenClose_Right</include>
			</control>
			<control type="group">
				<include>OpenClose_Right</include>
				<left>384</left>
				<right>30</right>
				<top>50</top>
				<control type="label">
					<top>-14</top>
					<left>16</left>
					<right>20</right>
					<label>$VAR[VideoInfoPlayerMainLabelVar]</label>
					<font>font52_title</font>
					<shadowcolor>$VAR[ShadowColorVar]</shadowcolor>
					<height>65</height>
					<align>left</align>
					<scroll>true</scroll>
				</control>
				<control type="label">
					<top>55</top>
					<left>16</left>
					<right>20</right>
					<label>[B]$VAR[VideoInfoPlayerSubLabelVar][/B]</label>
					<font>fontplot2</font>
					<shadowcolor>$VAR[ShadowColorVar]</shadowcolor>
					<height>65</height>
					<align>left</align>
					<textcolor>$VAR[SkinColorVar]</textcolor>
					<scroll>true</scroll>
				</control>
				<control type="group" id="140">
					<top>80</top>
					<include condition="!String.IsEqual(Control.GetLabel(3334),fallback.png)" content="ItemRight">
						<param name="right" value="315" />
					</include>
					<include condition="String.IsEqual(Control.GetLabel(3334),fallback.png)" content="ItemRight">
						<param name="right" value="-5" />
					</include>
					<control type="button" id="138">
						<left>-8</left>
						<height>211</height>
						<aligny>bottom</aligny>
						<label/>
						<onclick condition="!String.IsEmpty(VideoPlayer.Plot)">SetProperty(TextViewer_Header,$LOCALIZE[207],home)</onclick>
						<onclick condition="!String.IsEmpty(VideoPlayer.Plot)">SetProperty(TextViewer_Text,$ESCINFO[VideoPlayer.Plot],home)</onclick>
						<onclick condition="!String.IsEmpty(VideoPlayer.Plot)">ActivateWindow(1102)</onclick>
						<onleft>138</onleft>
						<onright>138</onright>
						<ondown>438</ondown>
						<onup>438</onup>
						<texturenofocus border="21" />
					</control>
					<control type="textbox">
						<left>16</left>
						<top>23</top>
						<right>25</right>
						<height>160</height>
						<align>left</align>
						<font>fontplot2</font>
						<label fallback="19055">$INFO[VideoPlayer.Plot]</label>
						<autoscroll delay="12000" time="4000" repeat="10000">Skin.HasSetting(AutoScroll)</autoscroll>
					</control>
				</control>
				<control type="label">
					<left>16</left>
					<top>280</top>
					<label>$INFO[VideoPlayer.Genre,$LOCALIZE[515] : [COLOR white],[/COLOR]][CR]$INFO[VideoPlayer.Director,$LOCALIZE[20339] : [COLOR white],[/COLOR]]</label>
					<font>fontplot</font>
					<textcolor>$VAR[SkinColorVar]</textcolor>
				</control>
				<control type="grouplist">
					<visible>!String.IsEmpty(VideoPlayer.AudioLanguage) | !String.IsEmpty(VideoPlayer.SubtitlesLanguage)</visible>
					<include>OpenClose_Right</include>
					<right>20</right>
					<top>310</top>
					<height>70</height>
					<width>820</width>
					<height>142</height>
					<itemgap>3</itemgap>
					<orientation>horizontal</orientation>
					<align>right</align>
					<aligny>center</aligny>
					<include content="MediaFlag">
						<param name="texture" value="flags/language.png" />
						<param name="width" value="104" />
						<param name="label_width" value="56" />
						<param name="label_left" value="45" />
						<param name="label" value="$INFO[VideoPlayer.AudioLanguage]" />
						<param name="visible" value="!String.IsEmpty(VideoPlayer.AudioLanguage)" />
					</include>
					<include content="MediaFlag">
						<param name="texture" value="flags/st_language.png" />
						<param name="width" value="104" />
						<param name="label_width" value="56" />
						<param name="label_left" value="45" />
						<param name="label" value="$INFO[VideoPlayer.SubtitlesLanguage]" />
						<param name="visible" value="!String.IsEmpty(VideoPlayer.SubtitlesLanguage) + VideoPlayer.SubtitlesEnabled" />
					</include>
				</control>

				<control type="grouplist">
					<orientation>horizontal</orientation>
					<left>10</left>
					<top>387</top>
					<height>70</height>
					<align>left</align>
					<itemgap>3</itemgap>
					<width>1200</width>
					<usecontrolcoords>true</usecontrolcoords>
					<include content="MediaFlag">
						<param name="texture" value="flags/hdtv.png" />
						<param name="width" value="58" />
						<param name="visible" value="String.Contains(Player.Filenameandpath,hdtv) | String.Contains(Player.Filenameandpath,pdtv) | String.Contains(Player.Filenameandpath,hdtvrip) | String.Contains(Player.Filenameandpath,tvrip)" />
					</include>
					<include content="MediaFlag">
						<param name="texture" value="flags/vhs.png" />
						<param name="width" value="58" />
						<param name="visible" value="String.Contains(Player.Filenameandpath,vhs) | String.Contains(Player.Filenameandpath,vhsrip)" />
					</include>
					<include content="MediaFlag">
						<param name="texture" value="flags/hddvd.png" />
						<param name="width" value="58" />
						<param name="visible" value="String.Contains(Player.Filenameandpath,hddvd)" />
					</include>
					<include content="MediaFlag">
						<param name="texture" value="flags/webdl.png" />
						<param name="width" value="58" />
						<param name="visible" value="String.Contains(Player.Filenameandpath,web-dl) | String.Contains(Player.Filenameandpath,webdl)" />
					</include>
					<include content="MediaFlag">
						<param name="texture" value="flags/dvd.png" />
						<param name="width" value="58" />
						<param name="visible" value="String.Contains(Player.Filenameandpath,dvd)" />
					</include>
					<include content="MediaFlag">
						<param name="texture" value="flags/bluray.png" />
						<param name="width" value="58" />
						<param name="visible" value="String.Contains(Player.Filenameandpath,bluray) | String.Contains(Player.Filenameandpath,blu-ray) | String.Contains(Player.Filenameandpath,bdrip)" />
					</include>
					<include content="MediaFlag">
						<param name="texture" value="flags/iso.png" />
						<param name="width" value="58" />
						<param name="visible" value="String.Contains(Player.Filenameandpath,.iso)" />
					</include>
					<include content="MediaFlag">
						<param name="texture" value="$VAR[VideoPlayer3DFlagVar]" />
						<param name="width" value="58" />
						<param name="top" value="5" />
					</include>
					<include content="MediaFlag">
						<param name="texture" value="$INFO[VideoPlayer.VideoCodec,flags/videocodec/,.png]" />
						<param name="fallback" value="flags/videocodec/fallback.png" />
						<param name="width" value="104" />
					</include>
					<include content="MediaFlag">
						<param name="texture" value="$VAR[VideoPlayerHdrTypeVar]" />
						<param name="width" value="58" />
						<param name="visible" value="String.Contains(VideoPlayer.HdrType,hdr) | String.Contains(VideoPlayer.HdrType,hlg) | String.Contains(Player.Filenameandpath,.hdrplus.) | String.Contains(Player.Filenameandpath,.12bit.)" />
					</include>
					<include content="MediaFlag">
						<param name="texture" value="$VAR[VideoPlayerHdrTypeVar]" />
						<param name="width" value="92" />
						<param name="visible" value="String.Contains(VideoPlayer.HdrType,dolbyvision)" />
					</include>
					<include content="MediaFlag">
						<param name="texture" value="$INFO[VideoPlayer.VideoAspect,flags/aspectratio/,.png]" />
						<param name="fallback" value="flags/aspectratio/fallback.png" />
						<param name="width" value="86" />
						<param name="visible" value="!String.IsEmpty(VideoPlayer.VideoAspect)<" />
					</include>
					<include content="MediaFlag">
						<param name="texture" value="$VAR[VideoPlayerAudioCodecFlagVar]" />
						<param name="fallback" value="flags/audiocodec/fallback.png" />
						<param name="width" value="104" />
						<param name="visible" value="!String.IsEmpty(VideoPlayer.AudioCodec)" />
					</include>
					<include content="MediaFlag">
						<param name="texture" value="$INFO[VideoPlayer.AudioChannels,flags/audiochannel/,.png]" />
						<param name="fallback" value="flags/audiochannel/fallback.png" />
						<param name="width" value="104" />
						<param name="visible" value="!String.IsEmpty(VideoPlayer.AudioChannels)<" />
					</include>
					<include content="MediaFlag">
						<param name="width" value="5" />
						<param name="top" value="5" />
					</include>
					<include content="MediaFlag">
						<param name="texture" value="flags/tmdb.png" />
						<param name="width" value="104" />
						<param name="label_width" value="58" />
						<param name="label_left" value="44" />
						<param name="label" value="$INFO[VideoPlayer.Rating(themoviedb)]" />
						<param name="visible" value="!String.IsEmpty(VideoPlayer.Rating(themoviedb))" />
					</include>
					<include content="MediaFlag">
						<param name="texture" value="flags/tvdb.png" />
						<param name="width" value="104" />
						<param name="label_width" value="58" />
						<param name="label_left" value="44" />
						<param name="label" value="$INFO[VideoPlayer.Rating]" />
						<param name="visible" value="!String.IsEmpty(VideoPlayer.Rating) + VideoPlayer.Content(episodes)" />
					</include>
					<include content="MediaFlag">
						<param name="texture" value="flags/rating.png" />
						<param name="width" value="104" />
						<param name="label_width" value="58" />
						<param name="label_left" value="44" />
						<param name="label" value="$INFO[VideoPlayer.Rating]" />
						<param name="visible" value="!String.IsEmpty(VideoPlayer.Rating)" />
					</include>
					<include content="MediaFlag">
						<param name="texture" value="flags/myrating.png" />
						<param name="width" value="82" />
						<param name="label_width" value="38" />
						<param name="label_left" value="42" />
						<param name="label" value="$INFO[VideoPlayer.UserRating]" />
						<param name="visible" value="!String.IsEmpty(VideoPlayer.UserRating)" />
					</include>
				</control>
				<control type="grouplist">
					<orientation>horizontal</orientation>
					<top>387</top>
					<right>20</right>
					<height>70</height>
					<align>right</align>
					<itemgap>3</itemgap>
					<width>820</width>
					<usecontrolcoords>true</usecontrolcoords>
					<include content="MediaFlag">
						<param name="texture" value="flags/time.png" />
						<param name="width" value="141" />
						<param name="label_width" value="98" />
						<param name="label_left" value="41" />
						<param name="label" value="$VAR[PlayerDurationVar]" />
						<param name="visible" value="!String.IsEmpty(Player.Duration)" />
					</include>
					<include content="MediaFlag">
						<param name="texture" value="flags/finishtime.png" />
						<param name="width" value="130" />
						<param name="label_width" value="87" />
						<param name="label_left" value="43" />
						<param name="label" value="$INFO[Player.FinishTime]" />
						<param name="visible" value="!String.IsEmpty(Player.FinishTime) + !String.Contains(Player.FinishTime,AM) + !String.Contains(Player.FinishTime,PM)" />
					</include>
					<include content="MediaFlag">
						<param name="texture" value="flags/finishtime_long.png" />
						<param name="width" value="178" />
						<param name="label_width" value="135" />
						<param name="label_left" value="43" />
						<param name="label" value="$INFO[Player.FinishTime]" />
						<param name="visible" value="!String.IsEmpty(Player.FinishTime) + [String.Contains(Player.FinishTime,AM) | String.Contains(Player.FinishTime,PM)]" />
					</include>
				</control>
			</control>
			<control type="grouplist" id="5000">
				<include>OpenClose_Left</include>
				<left>30</left>
				<top>480</top>
				<onup>140</onup>
				<onleft>5000</onleft>
				<onright>5000</onright>
				<ondown condition="Control.IsVisible(50)">SetFocus(50)</ondown>
				<ondown condition="!Control.IsVisible(50) + !Control.IsVisible(63000)">setFocus(5002)</ondown>
				<include content="InfoDialogSmallButton">
					<param name="id" value="438" />
					<param name="icon" value="icons/infodialogs/disable.png" />
					<param name="onclick_1" value="Action(close)" />
					<param name="oninfo" value="Action(close)" />
				</include>
			</control>
			<control type="group">
				<left>30</left>
				<top>600</top>
				<height>90</height>
				<include>OpenClose_Right</include>
				<control type="image">
					<top>13</top>
					<width>11</width>
					<height>11</height>
					<texture colordiffuse="$VAR[SkinColorVar]">frame/puce.png</texture>
					<visible>Control.HasFocus(5002) | Control.HasFocus(63000) | Control.HasFocus(50)</visible>
				</control>
				<control type="label">
					<left>20</left>
					<top>0</top>
					<width>910</width>
					<height>90</height>
					<label>$VAR[DialogInfoButtonsVar]</label>
					<font>font25_title</font>
					<shadowcolor>$VAR[ShadowColorVar]</shadowcolor>
					<scroll>true</scroll>
				</control>
				<control type="label">
					<right>-20</right>
					<align>right</align>
					<width>500</width>
					<height>90</height>
					<font>font20_title</font>
					<textcolor>FFFFFFFF</textcolor>
					<shadowcolor>$VAR[ShadowColorVar]</shadowcolor>
					<label>$LOCALIZE[31126]</label>
					<visible>Control.HasFocus(138)</visible>
				</control>
			</control>
			<control type="grouplist" id="5001">
				<description>Cast list</description>
				<left>-30</left>
				<top>640</top>
				<include>OpenClose_Right</include>
				<orientation>vertical</orientation>
				<bottom>0</bottom>
				<scrolltime tween="cubic" easing="out">500</scrolltime>
				<itemgap>50</itemgap>
				<onup>438</onup>
				<ondown>5002</ondown>
				<usecontrolcoords>true</usecontrolcoords>
				<pagecontrol>5010</pagecontrol>
				<visible>!Control.HasFocus(5002)</visible>
				<animation effect="fade" time="100">VisibleChange</animation>
				<include condition="System.AddonIsEnabled(script.embuary.helper) + !Skin.HasSetting(VideoInfo_MovieCastList)" content="WidgetListCastPlayerInfo">
					<param name="list_id" value="50"/>
					<param name="content_path" value="$VAR[OSDCastVar]"/>
					<param name="widget_target" value="videos"/>
				</include>
				<include content="WidgetListThumbInfo">
					<param name="content_path" value="$VAR[VideoInfoPlayerFanartVar]"/>
					<param name="list_id" value="63000"/>
					<param name="onclick" value="SetFocus(9001)"/>
				</include>
			</control>
			<control type="group">
				<top>640</top>
				<bottom>0</bottom>
				<height>380</height>
				<visible>Control.HasFocus(5002) | !Control.IsVisible(50)</visible>
				<control type="image" id="3335">
					<top>0</top>
					<right>50</right>
					<width>360</width>
					<height>360</height>
					<aspectratio>keep</aspectratio>
					<texture background="true" align="right" fallback="fallback.png">$VAR[PlayerInfoCharacterArtVar]</texture>
					<include>OpenClose_Right</include>
					<animation effect="fade" time="100">VisibleChange</animation>
				</control>
				<control type="grouplist" id="6100">
					<left>50</left>
					<height>430</height>
					<orientation>vertical</orientation>
					<itemgap>-5</itemgap>
					<include>OpenClose_Right</include>
					<animation effect="fade" time="100">VisibleChange</animation>
					<include content="InfoDialogMetadata">
						<param name="control_id" value="146" />
						<param name="label" value="$INFO[ListItem.OriginalTitle,$LOCALIZE[20376] : [COLOR white],[/COLOR]]" />
						<param name="visible" value="!String.IsEmpty(ListItem.OriginalTitle)" />
						<param name="textcolor" value="$VAR[SkinColorVar]" />
						<param name="font" value="fontplot" />
					</include>
					<include content="InfoDialogMetadata">
						<param name="control_id" value="148" />
						<param name="label" value="$INFO[VideoPlayer.Writer,$LOCALIZE[20417] : [COLOR white],[/COLOR]]" />
						<param name="visible" value="!String.IsEmpty(VideoPlayer.Writer)" />
						<param name="textcolor" value="$VAR[SkinColorVar]" />
						<param name="font" value="fontplot" />
					</include>
					<include content="InfoDialogMetadata">
						<param name="control_id" value="150" />
						<param name="label" value="$LOCALIZE[21875] : [COLOR white]$INFO[VideoPlayer.Country][/COLOR]" />
						<param name="visible" value="!String.IsEmpty(VideoPlayer.Country)" />
						<param name="textcolor" value="$VAR[SkinColorVar]" />
						<param name="font" value="fontplot" />
					</include>
					<include content="InfoDialogMetadata">
						<param name="control_id" value="151" />
						<param name="label" value="$LOCALIZE[29909] : [COLOR white]$INFO[VideoPlayer.Studio][/COLOR]" />
						<param name="visible" value="!String.IsEmpty(VideoPlayer.Studio)" />
						<param name="textcolor" value="$VAR[SkinColorVar]" />
						<param name="font" value="fontplot" />
					</include>
					<include content="InfoDialogMetadata">
						<param name="control_id" value="152" />
						<param name="label" value="$LOCALIZE[20416] : [COLOR white]$INFO[VideoPlayer.Premiered][/COLOR]" />
						<param name="visible" value="!String.IsEmpty(VideoPlayer.Premiered)" />
						<param name="textcolor" value="$VAR[SkinColorVar]" />
						<param name="font" value="fontplot" />
					</include>
					<include content="InfoDialogMetadata">
						<param name="control_id" value="153" />
						<param name="label" value="$LOCALIZE[31017] : [COLOR white]$INFO[ListItem.mpaa][/COLOR]" />
						<param name="visible" value="!String.IsEmpty(VideoPlayer.Mpaa)" />
						<param name="textcolor" value="$VAR[SkinColorVar]" />
						<param name="font" value="fontplot" />
					</include>
					<include content="InfoDialogMetadata">
						<param name="control_id" value="157" />
						<param name="label" value="$INFO[VideoPlayer.RatingAndVotes(themoviedb),$LOCALIZE[563] TheMovieDb : [COLOR white],[/COLOR]]" />
						<param name="visible" value="!String.IsEmpty(VideoPlayer.RatingAndVotes(themoviedb)) + !VideoPlayer.Content(tvshows) + !VideoPlayer.Content(seasons) + !VideoPlayer.Content(episodes)" />
						<param name="textcolor" value="$VAR[SkinColorVar]" />
						<param name="font" value="fontplot" />
					</include>
					<include content="InfoDialogMetadata">
						<param name="control_id" value="158" />
						<param name="label" value="$INFO[VideoPlayer.RatingAndVotes,$LOCALIZE[563] TVDB : [COLOR white],[/COLOR]]" />
						<param name="visible" value="!String.IsEmpty(VideoPlayer.RatingAndVotes) + [VideoPlayer.Content(tvshows) | VideoPlayer.Content(seasons) | VideoPlayer.Content(episodes)]" />
						<param name="textcolor" value="$VAR[SkinColorVar]" />
						<param name="font" value="fontplot" />
					</include>
					<include content="InfoDialogMetadata">
						<param name="control_id" value="159" />
						<param name="label" value="$INFO[VideoPlayer.RatingAndVotes,$LOCALIZE[563] : [COLOR white],[/COLOR]]" />
						<param name="visible" value="[String.IsEmpty(VideoPlayer.RatingAndVotes(imdb)) + String.IsEmpty(VideoPlayer.RatingAndVotes(themoviedb)) + !String.IsEmpty(VideoPlayer.RatingAndVotes)] + !VideoPlayer.Content(tvshows) + !VideoPlayer.Content(seasons) + !VideoPlayer.Content(episodes)" />
						<param name="textcolor" value="$VAR[SkinColorVar]" />
						<param name="font" value="fontplot" />
					</include>
					<include content="InfoDialogMetadata">
						<param name="control_id" value="161" />
						<param name="label" value="$LOCALIZE[20459] : [COLOR white]$INFO[VideoPlayer.Tag][/COLOR]" />
						<param name="visible" value="!String.IsEmpty(VideoPlayer.Tag)" />
						<param name="textcolor" value="$VAR[SkinColorVar]" />
						<param name="font" value="fontplot" />
					</include>
					<include content="InfoDialogMetadata">
						<param name="control_id" value="162" />
						<param name="label" value="$LOCALIZE[126] : [COLOR white]$INFO[VideoPlayer.Status][/COLOR]" />
						<param name="visible" value="!String.IsEmpty(VideoPlayer.Status)" />
						<param name="textcolor" value="$VAR[SkinColorVar]" />
						<param name="font" value="fontplot" />
					</include>
					<include content="InfoDialogMetadata">
						<param name="control_id" value="169" />
						<param name="label" value="$LOCALIZE[573] : [COLOR white]$INFO[Player.FileNameAndPath][/COLOR]" />
						<param name="visible" value="!String.IsEmpty(Player.FileNameAndPath)" />
						<param name="textcolor" value="$VAR[SkinColorVar]" />
						<param name="font" value="fontplot" />
					</include>
					<include content="InfoDialogMetadata">
						<param name="control_id" value="170" />
						<param name="label" value="$LOCALIZE[21802] : [COLOR white]$INFO[Window(10000).Property(size)][/COLOR]" />
						<param name="visible" value="!String.StartsWith(Player.FileNameAndPath,'plugin://') + ![String.StartsWith(Window(10000).Property(size),0.00) | String.IsEmpty(Window(10000).Property(size))]" />
						<param name="textcolor" value="$VAR[SkinColorVar]" />
						<param name="font" value="font12" />
					</include>
				</control>
			</control>
			<control type="image">
				<centerleft>50%</centerleft>
				<bottom>10</bottom>
				<width>24</width>
				<height>12</height>
				<texture colordiffuse="$VAR[SkinColorVar]">overlays/arrowdown.png</texture>
				<animation effect="zoom" start="100,0" end="100,100" center="auto" time="200" delay="10">VisibleChange</animation>
				<visible>ControlGroup(5001).HasFocus</visible>
			</control>
			<control type="image">
				<centerleft>50%</centerleft>
				<bottom>10</bottom>
				<width>24</width>
				<height>12</height>
				<texture colordiffuse="$VAR[SkinColorVar]" flipy="true">overlays/arrowdown.png</texture>
				<animation effect="zoom" start="100,0" end="100,100" center="auto" time="200" delay="10">VisibleChange</animation>
				<visible>Control.HasFocus(5002)</visible>
			</control>
			<control type="group">
				<visible>Control.HasFocus(9001)</visible>
				<animation effect="fade" start="0" end="100" time="350" tween="cubic" easing="inout">Visible</animation>
				<animation effect="fade" start="0" end="100" time="350" tween="cubic" easing="inout">WindowOpen</animation>
				<animation effect="fade" end="0" start="100" time="150">Hidden</animation>
				<animation effect="fade" end="0" start="100" time="150">WindowClose</animation>
				<control type="button" id="9001">
					<visible allowhiddenfocus="true">false</visible>
					<width>1</width>
					<height>1</height>
					<texturefocus />
					<texturenofocus />
					<onleft>Control.Move(63000,-1)</onleft>
					<onright>Control.Move(63000,1)</onright>
					<onup>Control.Move(63000,1)</onup>
					<ondown>Control.Move(63000,-1)</ondown>
					<onback>63000</onback>
					<oninfo>63000</oninfo>
					<onclick>SetFocus(63000)</onclick>
				</control>
				<control type="image">
					<texture colordiffuse="ff000000">colors/white.png</texture>
				</control>
				<control type="group">
					<animation effect="slide" start="0" end="-1920" condition="!Container(63000).OnNext" reversible="false" time="300" tween="quadratic">Conditional</animation>
					<animation effect="slide" start="0" end="1920" condition="!Container(63000).OnPrevious" reversible="false" time="300" tween="quadratic">Conditional</animation>
					<control type="image">
						<centerleft>50%</centerleft>
						<centertop>50%</centertop>
						<width>1920</width>
						<height>1080</height>
						<left>-1920</left>
						<aspectratio>keep</aspectratio>
						<texture background="true">$INFO[Container(63000).ListItem(-1).FileNameAndPath]</texture>
					</control>
					<control type="image">
						<centerleft>50%</centerleft>
						<centertop>50%</centertop>
						<width>1920</width>
						<height>1080</height>
						<aspectratio>keep</aspectratio>
						<texture background="true">$INFO[Container(63000).ListItem.FileNameAndPath]</texture>
					</control>
					<control type="image">
						<centerleft>50%</centerleft>
						<centertop>50%</centertop>
						<width>1920</width>
						<height>1080</height>
						<left>1920</left>
						<aspectratio>keep</aspectratio>
						<texture background="true">$INFO[Container(63000).ListItem(1).FileNameAndPath]</texture>
					</control>
				</control>
			</control>
			<control type="button" id="5002">
				<onup condition="!Control.IsVisible(50) + !Control.IsVisible(63000)">SetFocus(5000)</onup>
				<onup condition="Control.IsVisible(63000)">SetFocus(63000)</onup>
				<onup condition="Control.IsVisible(50)">SetFocus(50)</onup>
				<visible allowhiddenfocus="true">false</visible>
				<width>1</width>
				<height>1</height>
				<texturefocus />
				<texturenofocus />
			</control>
		</control>
	</controls>
</window>